ticker,name,slug,sector,industry,market_cap_bil_usd,revenue_bil_usd,employees,cik,sec_search_url,company_url,market_cap_as_of,market_cap_source_url
A,Agilent Technologies Inc,a,Healthcare,Diagnostics & Research,32,7,18100,1090872,https://www.sec.gov/cgi-bin/browse-edgar?action=getcompany&CIK=1090872&type=10-k&owner=exclude&count=40,https://www.agilent.com,2026-05-13,https://stockanalysis.com/stocks/a/statistics/
AAPL,Apple Inc,aapl,Technology,Consumer Electronics,4360,451,166000,320193,https://www.sec.gov/cgi-bin/browse-edgar?action=getcompany&CIK=320193&type=10-k&owner=exclude&count=40,https://www.apple.com,2026-05-13,https://stockanalysis.com/stocks/aapl/statistics/
ABBV,AbbVie Inc,abbv,Healthcare,Drug Manufacturers - General,365,63,57000,1551152,https://www.sec.gov/cgi-bin/browse-edgar?action=getcompany&CIK=1551152&type=10-k&owner=exclude&count=40,https://www.abbvie.com,2026-05-13,https://stockanalysis.com/stocks/abbv/statistics/
ABNB,Airbnb Inc,abnb,Consumer Cyclical,Travel Services,80,13,8200,1559720,https://www.sec.gov/cgi-bin/browse-edgar?action=getcompany&CIK=1559720&type=10-k&owner=exclude&count=40,https://www.airbnb.com,2026-05-13,https://stockanalysis.com/stocks/abnb/statistics/
ABT,Abbott Laboratories,abt,Healthcare,Medical Devices,145,45,115000,1800,https://www.sec.gov/cgi-bin/browse-edgar?action=getcompany&CIK=1800&type=10-k&owner=exclude&count=40,https://www.abbott.com,2026-05-13,https://stockanalysis.com/stocks/abt/statistics/
ACGL,Arch Capital Group Ltd,acgl,Financial Services,Insurance - Diversified,32,20,8000,947484,https://www.sec.gov/cgi-bin/browse-edgar?action=getcompany&CIK=947484&type=10-k&owner=exclude&count=40,https://www.archgroup.com,2026-05-13,https://stockanalysis.com/stocks/acgl/statistics/
ACN,Accenture plc,acn,Technology,Information Technology Services,98,72,779000,1467373,https://www.sec.gov/cgi-bin/browse-edgar?action=getcompany&CIK=1467373&type=10-k&owner=exclude&count=40,https://www.accenture.com,2026-05-13,https://stockanalysis.com/stocks/acn/statistics/
ADBE,Adobe Systems Incorporated,adbe,Technology,Software - Application,95,24,31360,796343,https://www.sec.gov/cgi-bin/browse-edgar?action=getcompany&CIK=796343&type=10-k&owner=exclude&count=40,https://www.adobe.com,2026-05-13,https://stockanalysis.com/stocks/adbe/statistics/
ADI,Analog Devices Inc,adi,Technology,Semiconductors,211,12,24500,6281,https://www.sec.gov/cgi-bin/browse-edgar?action=getcompany&CIK=6281&type=10-k&owner=exclude&count=40,https://www.analog.com,2026-05-13,https://stockanalysis.com/stocks/adi/statistics/
ADM,Archer-Daniels-Midland Company,adm,Consumer Defensive,Farm Products,40,81,41496,7084,https://www.sec.gov/cgi-bin/browse-edgar?action=getcompany&CIK=7084&type=10-k&owner=exclude&count=40,https://www.adm.com,2026-05-13,https://stockanalysis.com/stocks/adm/statistics/
ADP,Automatic Data Processing Inc,adp,Technology,Software - Application,84,22,67000,8670,https://www.sec.gov/cgi-bin/browse-edgar?action=getcompany&CIK=8670&type=10-k&owner=exclude&count=40,https://www.adp.com,2026-05-13,https://stockanalysis.com/stocks/adp/statistics/
ADSK,Autodesk Inc,adsk,Technology,Software - Application,48,7,14300,769397,https://www.sec.gov/cgi-bin/browse-edgar?action=getcompany&CIK=769397&type=10-k&owner=exclude&count=40,https://www.autodesk.com,2026-05-13,https://stockanalysis.com/stocks/adsk/statistics/
AEE,Ameren Corp,aee,Utilities,Utilities - Regulated Electric,30,9,8913,1002910,https://www.sec.gov/cgi-bin/browse-edgar?action=getcompany&CIK=1002910&type=10-k&owner=exclude&count=40,https://www.amereninvestors.com,2026-05-13,https://stockanalysis.com/stocks/aee/statistics/
AEP,American Electric Power Co Inc,aep,Utilities,Utilities - Regulated Electric,69,22,17581,4904,https://www.sec.gov/cgi-bin/browse-edgar?action=getcompany&CIK=4904&type=10-k&owner=exclude&count=40,https://www.aep.com,2026-05-13,https://stockanalysis.com/stocks/aep/statistics/
AES,The AES Corporation,aes,Utilities,Utilities - Diversified,10,12,8336,874761,https://www.sec.gov/cgi-bin/browse-edgar?action=getcompany&CIK=874761&type=10-k&owner=exclude&count=40,https://www.aes.com,2026-05-13,https://stockanalysis.com/stocks/aes/statistics/
AFL,Aflac Incorporated,afl,Financial Services,Insurance - Life,59,18,12716,4977,https://www.sec.gov/cgi-bin/browse-edgar?action=getcompany&CIK=4977&type=10-k&owner=exclude&count=40,https://www.aflac.com,2026-05-13,https://stockanalysis.com/stocks/afl/statistics/
AIG,American International Group Inc,aig,Financial Services,Insurance - Diversified,40,27,22100,5272,https://www.sec.gov/cgi-bin/browse-edgar?action=getcompany&CIK=5272&type=10-k&owner=exclude&count=40,https://www.aig.com,2026-05-13,https://stockanalysis.com/stocks/aig/statistics/
AIZ,Assurant Inc,aiz,Financial Services,Insurance - Property & Casualty,12,13,14800,1267238,https://www.sec.gov/cgi-bin/browse-edgar?action=getcompany&CIK=1267238&type=10-k&owner=exclude&count=40,https://www.assurant.com,2026-05-13,https://stockanalysis.com/stocks/aiz/statistics/
AJG,Arthur J Gallagher & Co,ajg,Financial Services,Insurance Brokers,50,14,72000,354190,https://www.sec.gov/cgi-bin/browse-edgar?action=getcompany&CIK=354190&type=10-k&owner=exclude&count=40,https://www.ajg.com,2026-05-13,https://stockanalysis.com/stocks/ajg/statistics/
AKAM,Akamai Technologies Inc,akam,Technology,Software - Infrastructure,23,4,11000,1086222,https://www.sec.gov/cgi-bin/browse-edgar?action=getcompany&CIK=1086222&type=10-k&owner=exclude&count=40,https://www.akamai.com,2026-05-13,https://stockanalysis.com/stocks/akam/statistics/
ALB,Albemarle Corp,alb,Basic Materials,Specialty Chemicals,24,5,7800,915913,https://www.sec.gov/cgi-bin/browse-edgar?action=getcompany&CIK=915913&type=10-k&owner=exclude&count=40,https://www.albemarle.com,2026-05-13,https://stockanalysis.com/stocks/alb/statistics/
ALGN,Align Technology Inc,algn,Healthcare,Medical Instruments & Supplies,12,4,20290,1097149,https://www.sec.gov/cgi-bin/browse-edgar?action=getcompany&CIK=1097149&type=10-k&owner=exclude&count=40,https://www.aligntech.com,2026-05-13,https://stockanalysis.com/stocks/algn/statistics/
ALL,The Allstate Corporation,all,Financial Services,Insurance - Property & Casualty,55,68,53300,899051,https://www.sec.gov/cgi-bin/browse-edgar?action=getcompany&CIK=899051&type=10-k&owner=exclude&count=40,https://www.allstate.com,2026-05-13,https://stockanalysis.com/stocks/all/statistics/
ALLE,Allegion PLC,alle,Industrials,Security & Protection Services,11,4,13300,1579241,https://www.sec.gov/cgi-bin/browse-edgar?action=getcompany&CIK=1579241&type=10-k&owner=exclude&count=40,https://www.allegion.com/corp/en/index.html,2026-05-13,https://stockanalysis.com/stocks/alle/statistics/
AMAT,Applied Materials Inc,amat,Technology,Semiconductor Equipment & Materials,340,28,36500,6951,https://www.sec.gov/cgi-bin/browse-edgar?action=getcompany&CIK=6951&type=10-k&owner=exclude&count=40,https://www.appliedmaterials.com,2026-05-13,https://stockanalysis.com/stocks/amat/statistics/
AMCR,Amcor PLC,amcr,Consumer Cyclical,Packaging & Containers,18,22,77000,1748790,https://www.sec.gov/cgi-bin/browse-edgar?action=getcompany&CIK=1748790&type=10-k&owner=exclude&count=40,https://www.amcor.com,2026-05-13,https://stockanalysis.com/stocks/amcr/statistics/
AMD,Advanced Micro Devices Inc,amd,Technology,Semiconductors,728,37,31000,2488,https://www.sec.gov/cgi-bin/browse-edgar?action=getcompany&CIK=2488&type=10-k&owner=exclude&count=40,https://www.amd.com,2026-05-13,https://stockanalysis.com/stocks/amd/statistics/
AME,Ametek Inc,ame,Industrials,Specialty Industrial Machinery,53,8,22500,1037868,https://www.sec.gov/cgi-bin/browse-edgar?action=getcompany&CIK=1037868&type=10-k&owner=exclude&count=40,https://www.ametek.com,2026-05-13,https://stockanalysis.com/stocks/ame/statistics/
AMGN,Amgen Inc,amgn,Healthcare,Drug Manufacturers - General,179,37,31500,318154,https://www.sec.gov/cgi-bin/browse-edgar?action=getcompany&CIK=318154&type=10-k&owner=exclude&count=40,https://www.amgen.com,2026-05-13,https://stockanalysis.com/stocks/amgn/statistics/
AMP,Ameriprise Financial Inc,amp,Financial Services,Asset Management,42,19,13600,820027,https://www.sec.gov/cgi-bin/browse-edgar?action=getcompany&CIK=820027&type=10-k&owner=exclude&count=40,https://www.ameriprise.com,2026-05-13,https://stockanalysis.com/stocks/amp/statistics/
AMT,American Tower Corp,amt,Real Estate,REIT - Specialty,81,11,4866,1053507,https://www.sec.gov/cgi-bin/browse-edgar?action=getcompany&CIK=1053507&type=10-k&owner=exclude&count=40,https://www.americantower.com,2026-05-13,https://stockanalysis.com/stocks/amt/statistics/
AMZN,Amazon.com Inc,amzn,Consumer Cyclical,Internet Retail,2870,743,1576000,1018724,https://www.sec.gov/cgi-bin/browse-edgar?action=getcompany&CIK=1018724&type=10-k&owner=exclude&count=40,https://www.amazon.com,2026-05-13,https://stockanalysis.com/stocks/amzn/statistics/
ANET,Arista Networks,anet,Technology,Computer Hardware,184,10,5115,1596532,https://www.sec.gov/cgi-bin/browse-edgar?action=getcompany&CIK=1596532&type=10-k&owner=exclude&count=40,https://www.arista.com,2026-05-13,https://stockanalysis.com/stocks/anet/statistics/
ANSS,ANSYS Inc,anss,Technology,Software - Application,33,3,6500,1013462,https://www.sec.gov/cgi-bin/browse-edgar?action=getcompany&CIK=1013462&type=10-k&owner=exclude&count=40,https://www.ansys.com,2026-05-13,https://stockanalysis.com/stocks/anss/statistics/
AON,Aon PLC,aon,Financial Services,Insurance Brokers,67,17,60000,315293,https://www.sec.gov/cgi-bin/browse-edgar?action=getcompany&CIK=315293&type=10-k&owner=exclude&count=40,https://www.aon.com,2026-05-13,https://stockanalysis.com/stocks/aon/statistics/
AOS,Smith AO Corporation,aos,Industrials,Specialty Industrial Machinery,8,4,11500,91142,https://www.sec.gov/cgi-bin/browse-edgar?action=getcompany&CIK=91142&type=10-k&owner=exclude&count=40,https://www.aosmith.com,2026-05-13,https://stockanalysis.com/stocks/aos/statistics/
APA,APA Corporation,apa,Energy,Oil & Gas E&P,13,8,1791,1841666,https://www.sec.gov/cgi-bin/browse-edgar?action=getcompany&CIK=1841666&type=10-k&owner=exclude&count=40,https://www.apacorp.com,2026-05-13,https://stockanalysis.com/stocks/apa/statistics/
APD,Air Products and Chemicals Inc,apd,Basic Materials,Specialty Chemicals,68,12,21300,2969,https://www.sec.gov/cgi-bin/browse-edgar?action=getcompany&CIK=2969&type=10-k&owner=exclude&count=40,https://www.airproducts.com,2026-05-13,https://stockanalysis.com/stocks/apd/statistics/
APH,Amphenol Corporation,aph,Technology,Electronic Components,152,26,170000,820313,https://www.sec.gov/cgi-bin/browse-edgar?action=getcompany&CIK=820313&type=10-k&owner=exclude&count=40,https://www.amphenol.com,2026-05-13,https://stockanalysis.com/stocks/aph/statistics/
APO,Apollo Global Management LLC Class A,apo,Financial Services,Asset Management,77,31,2540,1858681,https://www.sec.gov/cgi-bin/browse-edgar?action=getcompany&CIK=1858681&type=10-k&owner=exclude&count=40,https://www.apollo.com/institutional/homepage,2026-05-13,https://stockanalysis.com/stocks/apo/statistics/
APTV,Aptiv PLC,aptv,Consumer Cyclical,Auto Parts,12,21,140000,1521332,https://www.sec.gov/cgi-bin/browse-edgar?action=getcompany&CIK=1521332&type=10-k&owner=exclude&count=40,https://www.aptiv.com,2026-05-13,https://stockanalysis.com/stocks/aptv/statistics/
ARE,Alexandria Real Estate Equities Inc,are,Real Estate,REIT - Office,8,3,514,1035443,https://www.sec.gov/cgi-bin/browse-edgar?action=getcompany&CIK=1035443&type=10-k&owner=exclude&count=40,https://www.are.com,2026-05-13,https://stockanalysis.com/stocks/are/statistics/
ATO,Atmos Energy Corporation,ato,Utilities,Utilities - Regulated Gas,30,5,5487,731802,https://www.sec.gov/cgi-bin/browse-edgar?action=getcompany&CIK=731802&type=10-k&owner=exclude&count=40,https://www.atmosenergy.com,2026-05-13,https://stockanalysis.com/stocks/ato/statistics/
AVB,AvalonBay Communities Inc,avb,Real Estate,REIT - Residential,26,3,3041,915912,https://www.sec.gov/cgi-bin/browse-edgar?action=getcompany&CIK=915912&type=10-k&owner=exclude&count=40,https://www.avaloncommunities.com,2026-05-13,https://stockanalysis.com/stocks/avb/statistics/
AVGO,Broadcom Inc,avgo,Technology,Semiconductors,1960,68,33000,1730168,https://www.sec.gov/cgi-bin/browse-edgar?action=getcompany&CIK=1730168&type=10-k&owner=exclude&count=40,https://www.broadcom.com,2026-05-13,https://stockanalysis.com/stocks/avgo/statistics/
AVY,Avery Dennison Corp,avy,Consumer Cyclical,Packaging & Containers,12,9,35000,8818,https://www.sec.gov/cgi-bin/browse-edgar?action=getcompany&CIK=8818&type=10-k&owner=exclude&count=40,https://www.averydennison.com,2026-05-13,https://stockanalysis.com/stocks/avy/statistics/
AWK,American Water Works,awk,Utilities,Utilities - Regulated Water,25,5,7000,1410636,https://www.sec.gov/cgi-bin/browse-edgar?action=getcompany&CIK=1410636&type=10-k&owner=exclude&count=40,https://www.amwater.com,2026-05-13,https://stockanalysis.com/stocks/awk/statistics/
AXON,Axon Enterprise Inc.,axon,Industrials,Aerospace & Defense,30,3,5100,1069183,https://www.sec.gov/cgi-bin/browse-edgar?action=getcompany&CIK=1069183&type=10-k&owner=exclude&count=40,https://www.axon.com,2026-05-13,https://stockanalysis.com/stocks/axon/statistics/
AXP,American Express Company,axp,Financial Services,Credit Services,211,69,76800,4962,https://www.sec.gov/cgi-bin/browse-edgar?action=getcompany&CIK=4962&type=10-k&owner=exclude&count=40,https://www.americanexpress.com,2026-05-13,https://stockanalysis.com/stocks/axp/statistics/
AZO,AutoZone Inc,azo,Consumer Cyclical,Specialty Retail,55,20,130000,866787,https://www.sec.gov/cgi-bin/browse-edgar?action=getcompany&CIK=866787&type=10-k&owner=exclude&count=40,https://www.autozone.com,2026-05-13,https://stockanalysis.com/stocks/azo/statistics/
BA,The Boeing Company,ba,Industrials,Aerospace & Defense,190,92,182000,12927,https://www.sec.gov/cgi-bin/browse-edgar?action=getcompany&CIK=12927&type=10-k&owner=exclude&count=40,https://www.boeing.com,2026-05-13,https://stockanalysis.com/stocks/ba/statistics/
BAC,Bank of America Corp,bac,Financial Services,Banks - Diversified,359,110,213000,70858,https://www.sec.gov/cgi-bin/browse-edgar?action=getcompany&CIK=70858&type=10-k&owner=exclude&count=40,https://www.bankofamerica.com,2026-05-13,https://stockanalysis.com/stocks/bac/statistics/
BALL,Ball Corporation,ball,Consumer Cyclical,Packaging & Containers,15,14,16000,9389,https://www.sec.gov/cgi-bin/browse-edgar?action=getcompany&CIK=9389&type=10-k&owner=exclude&count=40,https://www.ball.com,2026-05-13,https://stockanalysis.com/stocks/ball/statistics/
BAX,Baxter International Inc,bax,Healthcare,Medical Instruments & Supplies,9,11,37500,10456,https://www.sec.gov/cgi-bin/browse-edgar?action=getcompany&CIK=10456&type=10-k&owner=exclude&count=40,https://www.baxter.com,2026-05-13,https://stockanalysis.com/stocks/bax/statistics/
BBY,Best Buy Co. Inc,bby,Consumer Cyclical,Specialty Retail,12,42,82000,764478,https://www.sec.gov/cgi-bin/browse-edgar?action=getcompany&CIK=764478&type=10-k&owner=exclude&count=40,https://corporate.bestbuy.com,2026-05-13,https://stockanalysis.com/stocks/bby/statistics/
BDX,Becton Dickinson and Company,bdx,Healthcare,Medical Instruments & Supplies,40,22,72000,10795,https://www.sec.gov/cgi-bin/browse-edgar?action=getcompany&CIK=10795&type=10-k&owner=exclude&count=40,https://www.bd.com,2026-05-13,https://stockanalysis.com/stocks/bdx/statistics/
BEN,Franklin Resources Inc,ben,Financial Services,Asset Management,16,9,9800,38777,https://www.sec.gov/cgi-bin/browse-edgar?action=getcompany&CIK=38777&type=10-k&owner=exclude&count=40,https://www.franklinresources.com,2026-05-13,https://stockanalysis.com/stocks/ben/statistics/
BF-B,Brown-Forman Corporation,bf-b,Consumer Defensive,Beverages - Wineries & Distilleries,8,,,14693,https://www.sec.gov/cgi-bin/browse-edgar?action=getcompany&CIK=14693&type=10-k&owner=exclude&count=40,,2026-05-13,https://stockanalysis.com/stocks/bf-b/statistics/
BG,Bunge Limited,bg,Consumer Defensive,Farm Products,24,81,22000,1996862,https://www.sec.gov/cgi-bin/browse-edgar?action=getcompany&CIK=1996862&type=10-k&owner=exclude&count=40,https://www.bunge.com,2026-05-13,https://stockanalysis.com/stocks/bg/statistics/
BIIB,Biogen Inc,biib,Healthcare,Drug Manufacturers - General,30,10,7500,875045,https://www.sec.gov/cgi-bin/browse-edgar?action=getcompany&CIK=875045&type=10-k&owner=exclude&count=40,https://www.biogen.com,2026-05-13,https://stockanalysis.com/stocks/biib/statistics/
BK,The Bank of New York Mellon Corporation,bk,Financial Services,Banks - Diversified,92,21,48100,1390777,https://www.sec.gov/cgi-bin/browse-edgar?action=getcompany&CIK=1390777&type=10-k&owner=exclude&count=40,https://www.bny.com,2026-05-13,https://stockanalysis.com/stocks/bk/statistics/
BKNG,Booking Holdings Inc,bkng,Consumer Cyclical,Travel Services,121,28,24300,1075531,https://www.sec.gov/cgi-bin/browse-edgar?action=getcompany&CIK=1075531&type=10-k&owner=exclude&count=40,https://www.bookingholdings.com,2026-05-13,https://stockanalysis.com/stocks/bkng/statistics/
BKR,Baker Hughes Co,bkr,Energy,Oil & Gas Equipment & Services,64,28,56000,1701605,https://www.sec.gov/cgi-bin/browse-edgar?action=getcompany&CIK=1701605&type=10-k&owner=exclude&count=40,https://www.bakerhughes.com,2026-05-13,https://stockanalysis.com/stocks/bkr/statistics/
BLDR,Builders FirstSource Inc,bldr,Industrials,Building Products & Equipment,8,15,28000,1316835,https://www.sec.gov/cgi-bin/browse-edgar?action=getcompany&CIK=1316835&type=10-k&owner=exclude&count=40,https://www.bldr.com,2026-05-13,https://stockanalysis.com/stocks/bldr/statistics/
BLK,BlackRock Inc,blk,Financial Services,Asset Management,177,26,21100,2012383,https://www.sec.gov/cgi-bin/browse-edgar?action=getcompany&CIK=2012383&type=10-k&owner=exclude&count=40,https://www.blackrock.com,2026-05-13,https://stockanalysis.com/stocks/blk/statistics/
BMY,Bristol-Myers Squibb Company,bmy,Healthcare,Drug Manufacturers - General,115,48,32500,14272,https://www.sec.gov/cgi-bin/browse-edgar?action=getcompany&CIK=14272&type=10-k&owner=exclude&count=40,https://www.bms.com,2026-05-13,https://stockanalysis.com/stocks/bmy/statistics/
BR,Broadridge Financial Solutions Inc,br,Technology,Information Technology Services,17,7,15000,1383312,https://www.sec.gov/cgi-bin/browse-edgar?action=getcompany&CIK=1383312&type=10-k&owner=exclude&count=40,https://www.broadridge.com,2026-05-13,https://stockanalysis.com/stocks/br/statistics/
BRK.B,Berkshire Hathaway Inc,brk-b,Financial Services,Insurance - Diversified,1050,375,387800,1067983,https://www.sec.gov/cgi-bin/browse-edgar?action=getcompany&CIK=1067983&type=10-k&owner=exclude&count=40,https://www.berkshirehathaway.com,2026-05-13,https://stockanalysis.com/stocks/brk.b/statistics/
BRO,Brown & Brown Inc,bro,Financial Services,Insurance Brokers,19,6,22888,79282,https://www.sec.gov/cgi-bin/browse-edgar?action=getcompany&CIK=79282&type=10-k&owner=exclude&count=40,https://www.bbrown.com,2026-05-13,https://stockanalysis.com/stocks/bro/statistics/
BSX,Boston Scientific Corp,bsx,Healthcare,Medical Devices,80,21,59000,885725,https://www.sec.gov/cgi-bin/browse-edgar?action=getcompany&CIK=885725&type=10-k&owner=exclude&count=40,https://www.bostonscientific.com,2026-05-13,https://stockanalysis.com/stocks/bsx/statistics/
BX,Blackstone Group Inc,bx,Financial Services,Asset Management,148,14,5285,1393818,https://www.sec.gov/cgi-bin/browse-edgar?action=getcompany&CIK=1393818&type=10-k&owner=exclude&count=40,https://www.blackstone.com,2026-05-13,https://stockanalysis.com/stocks/bx/statistics/
BXP,Boston Properties Inc,bxp,Real Estate,REIT - Office,10,3,826,1037540,https://www.sec.gov/cgi-bin/browse-edgar?action=getcompany&CIK=1037540&type=10-k&owner=exclude&count=40,https://www.bxp.com,2026-05-13,https://stockanalysis.com/stocks/bxp/statistics/
C,Citigroup Inc,c,Financial Services,Banks - Diversified,214,79,226000,831001,https://www.sec.gov/cgi-bin/browse-edgar?action=getcompany&CIK=831001&type=10-k&owner=exclude&count=40,https://www.citigroup.com,2026-05-13,https://stockanalysis.com/stocks/c/statistics/
CAG,ConAgra Foods Inc,cag,Consumer Defensive,Packaged Foods,7,11,18300,23217,https://www.sec.gov/cgi-bin/browse-edgar?action=getcompany&CIK=23217&type=10-k&owner=exclude&count=40,https://www.conagrabrands.com,2026-05-13,https://stockanalysis.com/stocks/cag/statistics/
CAH,Cardinal Health Inc,cah,Healthcare,Medical Distribution,42,251,57700,721371,https://www.sec.gov/cgi-bin/browse-edgar?action=getcompany&CIK=721371&type=10-k&owner=exclude&count=40,https://www.cardinalhealth.com,2026-05-13,https://stockanalysis.com/stocks/cah/statistics/
CARR,Carrier Global Corp,carr,Industrials,Building Products & Equipment,54,22,47000,1783180,https://www.sec.gov/cgi-bin/browse-edgar?action=getcompany&CIK=1783180&type=10-k&owner=exclude&count=40,https://www.carrier.com,2026-05-13,https://stockanalysis.com/stocks/carr/statistics/
CAT,Caterpillar Inc,cat,Industrials,Farm & Heavy Construction Machinery,415,71,118000,18230,https://www.sec.gov/cgi-bin/browse-edgar?action=getcompany&CIK=18230&type=10-k&owner=exclude&count=40,https://www.caterpillar.com,2026-05-13,https://stockanalysis.com/stocks/cat/statistics/
CB,Chubb Ltd,cb,Financial Services,Insurance - Property & Casualty,123,61,45000,896159,https://www.sec.gov/cgi-bin/browse-edgar?action=getcompany&CIK=896159&type=10-k&owner=exclude&count=40,https://www.chubb.com,2026-05-13,https://stockanalysis.com/stocks/cb/statistics/
CBRE,CBRE Group Inc Class A,cbre,Real Estate,Real Estate Services,41,42,155000,1138118,https://www.sec.gov/cgi-bin/browse-edgar?action=getcompany&CIK=1138118&type=10-k&owner=exclude&count=40,https://www.cbre.com,2026-05-13,https://stockanalysis.com/stocks/cbre/statistics/
CCI,Crown Castle,cci,Real Estate,REIT - Specialty,38,4,4000,1051470,https://www.sec.gov/cgi-bin/browse-edgar?action=getcompany&CIK=1051470&type=10-k&owner=exclude&count=40,https://www.crowncastle.com,2026-05-13,https://stockanalysis.com/stocks/cci/statistics/
CCL,Carnival Corporation,ccl,Consumer Cyclical,Travel Services,34,27,101000,815097,https://www.sec.gov/cgi-bin/browse-edgar?action=getcompany&CIK=815097&type=10-k&owner=exclude&count=40,https://www.carnivalcorp.com,2026-05-13,https://stockanalysis.com/stocks/ccl/statistics/
CDNS,Cadence Design Systems Inc,cdns,Technology,Software - Application,98,6,13800,813672,https://www.sec.gov/cgi-bin/browse-edgar?action=getcompany&CIK=813672&type=10-k&owner=exclude&count=40,https://www.cadence.com,2026-05-13,https://stockanalysis.com/stocks/cdns/statistics/
CDW,CDW Corp,cdw,Technology,Information Technology Services,13,23,14800,1402057,https://www.sec.gov/cgi-bin/browse-edgar?action=getcompany&CIK=1402057&type=10-k&owner=exclude&count=40,https://www.cdw.com,2026-05-13,https://stockanalysis.com/stocks/cdw/statistics/
CEG,Constellation Energy Corp,ceg,Utilities,Utilities - Renewable,99,30,15339,1868275,https://www.sec.gov/cgi-bin/browse-edgar?action=getcompany&CIK=1868275&type=10-k&owner=exclude&count=40,https://www.constellationenergy.com,2026-05-13,https://stockanalysis.com/stocks/ceg/statistics/
CF,CF Industries Holdings Inc,cf,Basic Materials,Agricultural Inputs,19,7,2900,1324404,https://www.sec.gov/cgi-bin/browse-edgar?action=getcompany&CIK=1324404&type=10-k&owner=exclude&count=40,https://www.cfindustries.com,2026-05-13,https://stockanalysis.com/stocks/cf/statistics/
CFG,"Citizens Financial Group, Inc.",cfg,Financial Services,Banks - Regional,26,8,17398,759944,https://www.sec.gov/cgi-bin/browse-edgar?action=getcompany&CIK=759944&type=10-k&owner=exclude&count=40,https://www.citizensbank.com,2026-05-13,https://stockanalysis.com/stocks/cfg/statistics/
CHD,Church & Dwight Company Inc,chd,Consumer Defensive,Household & Personal Products,22,6,5550,313927,https://www.sec.gov/cgi-bin/browse-edgar?action=getcompany&CIK=313927&type=10-k&owner=exclude&count=40,https://www.churchdwight.com,2026-05-13,https://stockanalysis.com/stocks/chd/statistics/
CHRW,CH Robinson Worldwide Inc,chrw,Industrials,Integrated Freight & Logistics,19,16,11855,1043277,https://www.sec.gov/cgi-bin/browse-edgar?action=getcompany&CIK=1043277&type=10-k&owner=exclude&count=40,https://www.chrobinson.com,2026-05-13,https://stockanalysis.com/stocks/chrw/statistics/
CHTR,Charter Communications Inc,chtr,Communication Services,Telecom Services,20,55,91900,1091667,https://www.sec.gov/cgi-bin/browse-edgar?action=getcompany&CIK=1091667&type=10-k&owner=exclude&count=40,https://corporate.charter.com,2026-05-13,https://stockanalysis.com/stocks/chtr/statistics/
CI,Cigna Corp,ci,Healthcare,Healthcare Plans,79,278,67700,1739940,https://www.sec.gov/cgi-bin/browse-edgar?action=getcompany&CIK=1739940&type=10-k&owner=exclude&count=40,https://www.thecignagroup.com,2026-05-13,https://stockanalysis.com/stocks/ci/statistics/
CINF,Cincinnati Financial Corporation,cinf,Financial Services,Insurance - Property & Casualty,25,13,5705,20286,https://www.sec.gov/cgi-bin/browse-edgar?action=getcompany&CIK=20286&type=10-k&owner=exclude&count=40,https://www.cinfin.com,2026-05-13,https://stockanalysis.com/stocks/cinf/statistics/
CL,Colgate-Palmolive Company,cl,Consumer Defensive,Household & Personal Products,69,21,33600,21665,https://www.sec.gov/cgi-bin/browse-edgar?action=getcompany&CIK=21665&type=10-k&owner=exclude&count=40,https://www.colgatepalmolive.com,2026-05-13,https://stockanalysis.com/stocks/cl/statistics/
CLX,The Clorox Company,clx,Consumer Defensive,Household & Personal Products,11,7,7600,21076,https://www.sec.gov/cgi-bin/browse-edgar?action=getcompany&CIK=21076&type=10-k&owner=exclude&count=40,https://www.thecloroxcompany.com,2026-05-13,https://stockanalysis.com/stocks/clx/statistics/
CMCSA,Comcast Corp,cmcsa,Communication Services,Telecom Services,88,125,179000,1166691,https://www.sec.gov/cgi-bin/browse-edgar?action=getcompany&CIK=1166691&type=10-k&owner=exclude&count=40,https://corporate.comcast.com,2026-05-13,https://stockanalysis.com/stocks/cmcsa/statistics/
CME,CME Group Inc,cme,Financial Services,Financial Data & Stock Exchanges,105,7,3875,1156375,https://www.sec.gov/cgi-bin/browse-edgar?action=getcompany&CIK=1156375&type=10-k&owner=exclude&count=40,https://www.cmegroup.com,2026-05-13,https://stockanalysis.com/stocks/cme/statistics/
CMG,Chipotle Mexican Grill Inc,cmg,Consumer Cyclical,Restaurants,42,12,130301,1058090,https://www.sec.gov/cgi-bin/browse-edgar?action=getcompany&CIK=1058090&type=10-k&owner=exclude&count=40,https://www.chipotle.com,2026-05-13,https://stockanalysis.com/stocks/cmg/statistics/
CMI,Cummins Inc,cmi,Industrials,Specialty Industrial Machinery,98,34,67400,26172,https://www.sec.gov/cgi-bin/browse-edgar?action=getcompany&CIK=26172&type=10-k&owner=exclude&count=40,https://www.cummins.com,2026-05-13,https://stockanalysis.com/stocks/cmi/statistics/
CMS,CMS Energy Corporation,cms,Utilities,Utilities - Regulated Electric,22,9,8350,811156,https://www.sec.gov/cgi-bin/browse-edgar?action=getcompany&CIK=811156&type=10-k&owner=exclude&count=40,https://www.cmsenergy.com,2026-05-13,https://stockanalysis.com/stocks/cms/statistics/
CNC,Centene Corp,cnc,Healthcare,Healthcare Plans,29,178,61100,1071739,https://www.sec.gov/cgi-bin/browse-edgar?action=getcompany&CIK=1071739&type=10-k&owner=exclude&count=40,https://www.centene.com,2026-05-13,https://stockanalysis.com/stocks/cnc/statistics/
CNP,CenterPoint Energy Inc,cnp,Utilities,Utilities - Regulated Electric,27,9,14931,1130310,https://www.sec.gov/cgi-bin/browse-edgar?action=getcompany&CIK=1130310&type=10-k&owner=exclude&count=40,https://www.centerpointenergy.com,2026-05-13,https://stockanalysis.com/stocks/cnp/statistics/
COF,Capital One Financial Corporation,cof,Financial Services,Credit Services,114,36,76300,927628,https://www.sec.gov/cgi-bin/browse-edgar?action=getcompany&CIK=927628&type=10-k&owner=exclude&count=40,https://www.capitalone.com,2026-05-13,https://stockanalysis.com/stocks/cof/statistics/
COO,"The Cooper Companies, Inc",coo,Healthcare,Medical Instruments & Supplies,12,4,15000,711404,https://www.sec.gov/cgi-bin/browse-edgar?action=getcompany&CIK=711404&type=10-k&owner=exclude&count=40,https://www.coopercos.com,2026-05-13,https://stockanalysis.com/stocks/coo/statistics/
COP,ConocoPhillips,cop,Energy,Oil & Gas E&P,141,59,9900,1163165,https://www.sec.gov/cgi-bin/browse-edgar?action=getcompany&CIK=1163165&type=10-k&owner=exclude&count=40,https://www.conocophillips.com,2026-05-13,https://stockanalysis.com/stocks/cop/statistics/
COR,Cencora Inc.,cor,Healthcare,Medical Distribution,50,329,51000,1140859,https://www.sec.gov/cgi-bin/browse-edgar?action=getcompany&CIK=1140859&type=10-k&owner=exclude&count=40,https://www.cencora.com,2026-05-13,https://stockanalysis.com/stocks/cor/statistics/
COST,Costco Wholesale Corp,cost,Consumer Defensive,Discount Stores,455,286,341000,909832,https://www.sec.gov/cgi-bin/browse-edgar?action=getcompany&CIK=909832&type=10-k&owner=exclude&count=40,https://www.costco.com,2026-05-13,https://stockanalysis.com/stocks/cost/statistics/
CPAY,Corpay Inc,cpay,Technology,Software - Infrastructure,21,5,11800,1175454,https://www.sec.gov/cgi-bin/browse-edgar?action=getcompany&CIK=1175454&type=10-k&owner=exclude&count=40,https://www.corpay.com,2026-05-13,https://stockanalysis.com/stocks/cpay/statistics/
CPB,Campbell’s Co,cpb,Consumer Defensive,Packaged Foods,6,10,13700,16732,https://www.sec.gov/cgi-bin/browse-edgar?action=getcompany&CIK=16732&type=10-k&owner=exclude&count=40,https://www.thecampbellscompany.com,2026-05-13,https://stockanalysis.com/stocks/cpb/statistics/
CPRT,Copart Inc,cprt,Industrials,Specialty Business Services,32,5,11600,900075,https://www.sec.gov/cgi-bin/browse-edgar?action=getcompany&CIK=900075&type=10-k&owner=exclude&count=40,https://www.copart.com,2026-05-13,https://stockanalysis.com/stocks/cprt/statistics/
CRL,Charles River Laboratories,crl,Healthcare,Diagnostics & Research,8,4,19700,1100682,https://www.sec.gov/cgi-bin/browse-edgar?action=getcompany&CIK=1100682&type=10-k&owner=exclude&count=40,https://www.criver.com,2026-05-13,https://stockanalysis.com/stocks/crl/statistics/
CRM,Salesforce.com Inc,crm,Technology,Software - Application,136,42,83334,1108524,https://www.sec.gov/cgi-bin/browse-edgar?action=getcompany&CIK=1108524&type=10-k&owner=exclude&count=40,https://www.salesforce.com,2026-05-13,https://stockanalysis.com/stocks/crm/statistics/
CRWD,Crowdstrike Holdings Inc,crwd,Technology,Software - Infrastructure,140,5,10698,1535527,https://www.sec.gov/cgi-bin/browse-edgar?action=getcompany&CIK=1535527&type=10-k&owner=exclude&count=40,https://www.crowdstrike.com,2026-05-13,https://stockanalysis.com/stocks/crwd/statistics/
CSCO,Cisco Systems Inc,csco,Technology,Communication Equipment,398,59,86200,858877,https://www.sec.gov/cgi-bin/browse-edgar?action=getcompany&CIK=858877&type=10-k&owner=exclude&count=40,https://www.cisco.com,2026-05-13,https://stockanalysis.com/stocks/csco/statistics/
CSGP,CoStar Group Inc,csgp,Real Estate,Real Estate Services,13,3,8441,1057352,https://www.sec.gov/cgi-bin/browse-edgar?action=getcompany&CIK=1057352&type=10-k&owner=exclude&count=40,https://www.costargroup.com,2026-05-13,https://stockanalysis.com/stocks/csgp/statistics/
CTAS,Cintas Corporation,ctas,Industrials,Specialty Business Services,65,11,48300,723254,https://www.sec.gov/cgi-bin/browse-edgar?action=getcompany&CIK=723254&type=10-k&owner=exclude&count=40,https://www.cintas.com,2026-05-13,https://stockanalysis.com/stocks/ctas/statistics/
CTRA,Coterra Energy Inc,ctra,Energy,Oil & Gas E&P,25,7,1075,858470,https://www.sec.gov/cgi-bin/browse-edgar?action=getcompany&CIK=858470&type=10-k&owner=exclude&count=40,https://www.coterra.com,2026-05-13,https://stockanalysis.com/stocks/ctra/statistics/
CTSH,Cognizant Technology Solutions Corp Class A,ctsh,Technology,Information Technology Services,22,21,351600,1058290,https://www.sec.gov/cgi-bin/browse-edgar?action=getcompany&CIK=1058290&type=10-k&owner=exclude&count=40,https://www.cognizant.com,2026-05-13,https://stockanalysis.com/stocks/ctsh/statistics/
CTVA,Corteva Inc,ctva,Basic Materials,Agricultural Inputs,55,18,21500,1755672,https://www.sec.gov/cgi-bin/browse-edgar?action=getcompany&CIK=1755672&type=10-k&owner=exclude&count=40,https://www.corteva.com,2026-05-13,https://stockanalysis.com/stocks/ctva/statistics/
CVS,CVS Health Corp,cvs,Healthcare,Healthcare Plans,124,406,300000,64803,https://www.sec.gov/cgi-bin/browse-edgar?action=getcompany&CIK=64803&type=10-k&owner=exclude&count=40,https://www.cvshealth.com,2026-05-13,https://stockanalysis.com/stocks/cvs/statistics/
CVX,Chevron Corp,cvx,Energy,Oil & Gas Integrated,365,186,43039,93410,https://www.sec.gov/cgi-bin/browse-edgar?action=getcompany&CIK=93410&type=10-k&owner=exclude&count=40,https://www.chevron.com,2026-05-13,https://stockanalysis.com/stocks/cvx/statistics/
CZR,Caesars Entertainment Corporation,czr,Consumer Cyclical,Resorts & Casinos,5,12,50000,1590895,https://www.sec.gov/cgi-bin/browse-edgar?action=getcompany&CIK=1590895&type=10-k&owner=exclude&count=40,https://www.caesars.com,2026-05-13,https://stockanalysis.com/stocks/czr/statistics/
D,Dominion Energy Inc,d,Utilities,Utilities - Regulated Electric,55,17,15200,715957,https://www.sec.gov/cgi-bin/browse-edgar?action=getcompany&CIK=715957&type=10-k&owner=exclude&count=40,https://www.dominionenergy.com,2026-05-13,https://stockanalysis.com/stocks/d/statistics/
DAL,Delta Air Lines Inc,dal,Industrials,Airlines,46,65,103000,27904,https://www.sec.gov/cgi-bin/browse-edgar?action=getcompany&CIK=27904&type=10-k&owner=exclude&count=40,https://www.delta.com,2026-05-13,https://stockanalysis.com/stocks/dal/statistics/
DASH,"DoorDash, Inc. Class A Common Stock",dash,Communication Services,Internet Content & Information,66,15,31400,1792789,https://www.sec.gov/cgi-bin/browse-edgar?action=getcompany&CIK=1792789&type=10-k&owner=exclude&count=40,https://www.doordash.com,2026-05-13,https://stockanalysis.com/stocks/dash/statistics/
DAY,Dayforce Inc.,day,Technology,Software - Application,11,2,9600,1725057,https://www.sec.gov/cgi-bin/browse-edgar?action=getcompany&CIK=1725057&type=10-k&owner=exclude&count=40,https://www.dayforce.com,2026-05-13,https://stockanalysis.com/stocks/day/statistics/
DD,Dupont De Nemours Inc,dd,Basic Materials,Specialty Chemicals,21,7,15000,1666700,https://www.sec.gov/cgi-bin/browse-edgar?action=getcompany&CIK=1666700&type=10-k&owner=exclude&count=40,https://www.dupont.com,2026-05-13,https://stockanalysis.com/stocks/dd/statistics/
DE,Deere & Company,de,Industrials,Farm & Heavy Construction Machinery,158,47,73100,315189,https://www.sec.gov/cgi-bin/browse-edgar?action=getcompany&CIK=315189&type=10-k&owner=exclude&count=40,https://www.deere.com/en,2026-05-13,https://stockanalysis.com/stocks/de/statistics/
DECK,Deckers Outdoor Corporation,deck,Consumer Cyclical,Footwear & Accessories,13,5,5500,910521,https://www.sec.gov/cgi-bin/browse-edgar?action=getcompany&CIK=910521&type=10-k&owner=exclude&count=40,https://www.deckers.com,2026-05-13,https://stockanalysis.com/stocks/deck/statistics/
DELL,Dell Technologies Inc,dell,Technology,Computer Hardware,157,114,97000,1571996,https://www.sec.gov/cgi-bin/browse-edgar?action=getcompany&CIK=1571996&type=10-k&owner=exclude&count=40,https://www.dell.com,2026-05-13,https://stockanalysis.com/stocks/dell/statistics/
DFS,Discover Financial Services,dfs,Financial Services,Credit Services,50,,,1393612,https://www.sec.gov/cgi-bin/browse-edgar?action=getcompany&CIK=1393612&type=10-k&owner=exclude&count=40,,2026-05-13,https://stockanalysis.com/stocks/dfs/statistics/
DG,Dollar General Corporation,dg,Consumer Defensive,Discount Stores,22,43,194000,29534,https://www.sec.gov/cgi-bin/browse-edgar?action=getcompany&CIK=29534&type=10-k&owner=exclude&count=40,https://www.dollargeneral.com,2026-05-13,https://stockanalysis.com/stocks/dg/statistics/
DGX,Quest Diagnostics Incorporated,dgx,Healthcare,Diagnostics & Research,21,11,57000,1022079,https://www.sec.gov/cgi-bin/browse-edgar?action=getcompany&CIK=1022079&type=10-k&owner=exclude&count=40,https://www.questdiagnostics.com,2026-05-13,https://stockanalysis.com/stocks/dgx/statistics/
DHI,DR Horton Inc,dhi,Consumer Cyclical,Residential Construction,40,33,14341,882184,https://www.sec.gov/cgi-bin/browse-edgar?action=getcompany&CIK=882184&type=10-k&owner=exclude&count=40,https://www.drhorton.com,2026-05-13,https://stockanalysis.com/stocks/dhi/statistics/
DHR,Danaher Corporation,dhr,Healthcare,Diagnostics & Research,117,25,60000,313616,https://www.sec.gov/cgi-bin/browse-edgar?action=getcompany&CIK=313616&type=10-k&owner=exclude&count=40,https://www.danaher.com,2026-05-13,https://stockanalysis.com/stocks/dhr/statistics/
DIS,Walt Disney Company,dis,Communication Services,Entertainment,182,97,231000,1744489,https://www.sec.gov/cgi-bin/browse-edgar?action=getcompany&CIK=1744489&type=10-k&owner=exclude&count=40,https://thewaltdisneycompany.com,2026-05-13,https://stockanalysis.com/stocks/dis/statistics/
DLR,Digital Realty Trust Inc,dlr,Real Estate,REIT - Specialty,69,6,4282,1297996,https://www.sec.gov/cgi-bin/browse-edgar?action=getcompany&CIK=1297996&type=10-k&owner=exclude&count=40,https://www.digitalrealty.com,2026-05-13,https://stockanalysis.com/stocks/dlr/statistics/
DLTR,Dollar Tree Inc,dltr,Consumer Defensive,Discount Stores,17,19,153032,935703,https://www.sec.gov/cgi-bin/browse-edgar?action=getcompany&CIK=935703&type=10-k&owner=exclude&count=40,https://www.dollartree.com,2026-05-13,https://stockanalysis.com/stocks/dltr/statistics/
DOC,Healthpeak Properties Inc,doc,Real Estate,REIT - Healthcare Facilities,14,3,411,765880,https://www.sec.gov/cgi-bin/browse-edgar?action=getcompany&CIK=765880&type=10-k&owner=exclude&count=40,https://www.healthpeak.com,2026-05-13,https://stockanalysis.com/stocks/doc/statistics/
DOV,Dover Corporation,dov,Industrials,Specialty Industrial Machinery,29,8,24000,29905,https://www.sec.gov/cgi-bin/browse-edgar?action=getcompany&CIK=29905&type=10-k&owner=exclude&count=40,https://www.dovercorporation.com,2026-05-13,https://stockanalysis.com/stocks/dov/statistics/
DOW,Dow Inc,dow,Basic Materials,Chemicals,29,39,34600,1751788,https://www.sec.gov/cgi-bin/browse-edgar?action=getcompany&CIK=1751788&type=10-k&owner=exclude&count=40,https://www.dow.com,2026-05-13,https://stockanalysis.com/stocks/dow/statistics/
DPZ,Domino's Pizza Inc Common Stock,dpz,Consumer Cyclical,Restaurants,10,5,10200,1286681,https://www.sec.gov/cgi-bin/browse-edgar?action=getcompany&CIK=1286681&type=10-k&owner=exclude&count=40,https://biz.dominos.com,2026-05-13,https://stockanalysis.com/stocks/dpz/statistics/
DRI,Darden Restaurants Inc,dri,Consumer Cyclical,Restaurants,22,13,197124,940944,https://www.sec.gov/cgi-bin/browse-edgar?action=getcompany&CIK=940944&type=10-k&owner=exclude&count=40,https://www.darden.com,2026-05-13,https://stockanalysis.com/stocks/dri/statistics/
DTE,DTE Energy Company,dte,Utilities,Utilities - Regulated Electric,29,17,9650,936340,https://www.sec.gov/cgi-bin/browse-edgar?action=getcompany&CIK=936340&type=10-k&owner=exclude&count=40,https://www.dteenergy.com,2026-05-13,https://stockanalysis.com/stocks/dte/statistics/
DUK,Duke Energy Corporation,duk,Utilities,Utilities - Regulated Electric,96,33,26441,1326160,https://www.sec.gov/cgi-bin/browse-edgar?action=getcompany&CIK=1326160&type=10-k&owner=exclude&count=40,https://www.duke-energy.com/home,2026-05-13,https://stockanalysis.com/stocks/duk/statistics/
DVA,DaVita HealthCare Partners Inc,dva,Healthcare,Medical Care Facilities,13,14,78000,927066,https://www.sec.gov/cgi-bin/browse-edgar?action=getcompany&CIK=927066&type=10-k&owner=exclude&count=40,https://www.davita.com,2026-05-13,https://stockanalysis.com/stocks/dva/statistics/
DVN,Devon Energy Corporation,dvn,Energy,Oil & Gas E&P,53,16,2200,1090012,https://www.sec.gov/cgi-bin/browse-edgar?action=getcompany&CIK=1090012&type=10-k&owner=exclude&count=40,https://www.devonenergy.com,2026-05-13,https://stockanalysis.com/stocks/dvn/statistics/
DXCM,DexCom Inc,dxcm,Healthcare,Medical Devices,24,5,11100,1093557,https://www.sec.gov/cgi-bin/browse-edgar?action=getcompany&CIK=1093557&type=10-k&owner=exclude&count=40,https://www.dexcom.com,2026-05-13,https://stockanalysis.com/stocks/dxcm/statistics/
EA,Electronic Arts Inc,ea,Communication Services,Electronic Gaming & Multimedia,50,8,14500,712515,https://www.sec.gov/cgi-bin/browse-edgar?action=getcompany&CIK=712515&type=10-k&owner=exclude&count=40,https://www.ea.com,2026-05-13,https://stockanalysis.com/stocks/ea/statistics/
EBAY,eBay Inc,ebay,Consumer Cyclical,Internet Retail,50,12,12300,1065088,https://www.sec.gov/cgi-bin/browse-edgar?action=getcompany&CIK=1065088&type=10-k&owner=exclude&count=40,https://www.ebayinc.com,2026-05-13,https://stockanalysis.com/stocks/ebay/statistics/
ECL,Ecolab Inc,ecl,Basic Materials,Specialty Chemicals,70,16,48000,31462,https://www.sec.gov/cgi-bin/browse-edgar?action=getcompany&CIK=31462&type=10-k&owner=exclude&count=40,https://www.ecolab.com,2026-05-13,https://stockanalysis.com/stocks/ecl/statistics/
ED,Consolidated Edison Inc,ed,Utilities,Utilities - Regulated Electric,39,17,15407,1047862,https://www.sec.gov/cgi-bin/browse-edgar?action=getcompany&CIK=1047862&type=10-k&owner=exclude&count=40,https://www.conedison.com,2026-05-13,https://stockanalysis.com/stocks/ed/statistics/
EFX,Equifax Inc,efx,Industrials,Consulting Services,19,6,15000,33185,https://www.sec.gov/cgi-bin/browse-edgar?action=getcompany&CIK=33185&type=10-k&owner=exclude&count=40,https://www.equifax.com,2026-05-13,https://stockanalysis.com/stocks/efx/statistics/
EG,Everest Group Ltd,eg,Financial Services,Insurance - Reinsurance,14,17,3064,1095073,https://www.sec.gov/cgi-bin/browse-edgar?action=getcompany&CIK=1095073&type=10-k&owner=exclude&count=40,https://www.everestglobal.com,2026-05-13,https://stockanalysis.com/stocks/eg/statistics/
EIX,Edison International,eix,Utilities,Utilities - Regulated Electric,27,20,13725,827052,https://www.sec.gov/cgi-bin/browse-edgar?action=getcompany&CIK=827052&type=10-k&owner=exclude&count=40,https://www.edison.com,2026-05-13,https://stockanalysis.com/stocks/eix/statistics/
EL,Estee Lauder Companies Inc,el,Consumer Defensive,Household & Personal Products,30,15,57000,1001250,https://www.sec.gov/cgi-bin/browse-edgar?action=getcompany&CIK=1001250&type=10-k&owner=exclude&count=40,https://www.elcompanies.com,2026-05-13,https://stockanalysis.com/stocks/el/statistics/
ELV,Elevance Health Inc,elv,Healthcare,Healthcare Plans,86,200,97100,1156039,https://www.sec.gov/cgi-bin/browse-edgar?action=getcompany&CIK=1156039&type=10-k&owner=exclude&count=40,https://www.elevancehealth.com,2026-05-13,https://stockanalysis.com/stocks/elv/statistics/
EMN,Eastman Chemical Company,emn,Basic Materials,Specialty Chemicals,9,9,13000,915389,https://www.sec.gov/cgi-bin/browse-edgar?action=getcompany&CIK=915389&type=10-k&owner=exclude&count=40,https://www.eastman.com,2026-05-13,https://stockanalysis.com/stocks/emn/statistics/
EMR,Emerson Electric Company,emr,Industrials,Specialty Industrial Machinery,77,18,71000,32604,https://www.sec.gov/cgi-bin/browse-edgar?action=getcompany&CIK=32604&type=10-k&owner=exclude&count=40,https://www.emerson.com,2026-05-13,https://stockanalysis.com/stocks/emr/statistics/
ENPH,Enphase Energy Inc,enph,Technology,Solar,5,1,2872,1463101,https://www.sec.gov/cgi-bin/browse-edgar?action=getcompany&CIK=1463101&type=10-k&owner=exclude&count=40,https://www.enphase.com,2026-05-13,https://stockanalysis.com/stocks/enph/statistics/
EOG,EOG Resources Inc,eog,Energy,Oil & Gas E&P,71,24,3400,821189,https://www.sec.gov/cgi-bin/browse-edgar?action=getcompany&CIK=821189&type=10-k&owner=exclude&count=40,https://www.eogresources.com,2026-05-13,https://stockanalysis.com/stocks/eog/statistics/
EPAM,EPAM Systems Inc,epam,Technology,Information Technology Services,5,6,62850,1352010,https://www.sec.gov/cgi-bin/browse-edgar?action=getcompany&CIK=1352010&type=10-k&owner=exclude&count=40,https://www.epam.com,2026-05-13,https://stockanalysis.com/stocks/epam/statistics/
EQIX,Equinix Inc,eqix,Real Estate,REIT - Specialty,106,10,13716,1101239,https://www.sec.gov/cgi-bin/browse-edgar?action=getcompany&CIK=1101239&type=10-k&owner=exclude&count=40,https://www.equinix.com,2026-05-13,https://stockanalysis.com/stocks/eqix/statistics/
EQR,Equity Residential,eqr,Real Estate,REIT - Residential,25,3,2400,906107,https://www.sec.gov/cgi-bin/browse-edgar?action=getcompany&CIK=906107&type=10-k&owner=exclude&count=40,https://www.equityapartments.com,2026-05-13,https://stockanalysis.com/stocks/eqr/statistics/
EQT,EQT Corporation,eqt,Energy,Oil & Gas E&P,35,9,1523,33213,https://www.sec.gov/cgi-bin/browse-edgar?action=getcompany&CIK=33213&type=10-k&owner=exclude&count=40,https://www.eqt.com,2026-05-13,https://stockanalysis.com/stocks/eqt/statistics/
ERIE,Erie Indemnity Company,erie,Financial Services,Insurance Brokers,11,4,6667,922621,https://www.sec.gov/cgi-bin/browse-edgar?action=getcompany&CIK=922621&type=10-k&owner=exclude&count=40,https://www.erieinsurance.com,2026-05-13,https://stockanalysis.com/stocks/erie/statistics/
ES,Eversource Energy,es,Utilities,Utilities - Regulated Electric,26,14,10731,72741,https://www.sec.gov/cgi-bin/browse-edgar?action=getcompany&CIK=72741&type=10-k&owner=exclude&count=40,https://www.eversource.com,2026-05-13,https://stockanalysis.com/stocks/es/statistics/
ESS,Essex Property Trust Inc,ess,Real Estate,REIT - Residential,18,2,1689,920522,https://www.sec.gov/cgi-bin/browse-edgar?action=getcompany&CIK=920522&type=10-k&owner=exclude&count=40,https://www.essexapartmenthomes.com,2026-05-13,https://stockanalysis.com/stocks/ess/statistics/
ETN,Eaton Corporation PLC,etn,Industrials,Specialty Industrial Machinery,158,29,97000,1551182,https://www.sec.gov/cgi-bin/browse-edgar?action=getcompany&CIK=1551182&type=10-k&owner=exclude&count=40,https://www.eaton.com,2026-05-13,https://stockanalysis.com/stocks/etn/statistics/
ETR,Entergy Corporation,etr,Utilities,Utilities - Regulated Electric,51,13,12233,65984,https://www.sec.gov/cgi-bin/browse-edgar?action=getcompany&CIK=65984&type=10-k&owner=exclude&count=40,https://www.entergy.com,2026-05-13,https://stockanalysis.com/stocks/etr/statistics/
EVRG,"Evergy, Inc.",evrg,Utilities,Utilities - Regulated Electric,19,6,4691,1711269,https://www.sec.gov/cgi-bin/browse-edgar?action=getcompany&CIK=1711269&type=10-k&owner=exclude&count=40,https://investors.evergy.com,2026-05-13,https://stockanalysis.com/stocks/evrg/statistics/
EW,Edwards Lifesciences Corp,ew,Healthcare,Medical Devices,47,6,16000,1099800,https://www.sec.gov/cgi-bin/browse-edgar?action=getcompany&CIK=1099800&type=10-k&owner=exclude&count=40,https://www.edwards.com,2026-05-13,https://stockanalysis.com/stocks/ew/statistics/
EXC,Exelon Corporation,exc,Utilities,Utilities - Regulated Electric,45,25,20571,1109357,https://www.sec.gov/cgi-bin/browse-edgar?action=getcompany&CIK=1109357&type=10-k&owner=exclude&count=40,https://www.exeloncorp.com,2026-05-13,https://stockanalysis.com/stocks/exc/statistics/
EXPD,"Expeditors International of Washington, Inc.",expd,Industrials,Integrated Freight & Logistics,20,11,19800,746515,https://www.sec.gov/cgi-bin/browse-edgar?action=getcompany&CIK=746515&type=10-k&owner=exclude&count=40,https://www.expeditors.com,2026-05-13,https://stockanalysis.com/stocks/expd/statistics/
EXPE,Expedia Group Inc.,expe,Consumer Cyclical,Travel Services,26,15,16000,1324424,https://www.sec.gov/cgi-bin/browse-edgar?action=getcompany&CIK=1324424&type=10-k&owner=exclude&count=40,https://www.expediagroup.com,2026-05-13,https://stockanalysis.com/stocks/expe/statistics/
EXR,Extra Space Storage Inc,exr,Real Estate,REIT - Industrial,32,3,8393,1289490,https://www.sec.gov/cgi-bin/browse-edgar?action=getcompany&CIK=1289490&type=10-k&owner=exclude&count=40,https://www.extraspace.com,2026-05-13,https://stockanalysis.com/stocks/exr/statistics/
F,Ford Motor Company,f,Consumer Cyclical,Auto Manufacturers,52,190,169000,37996,https://www.sec.gov/cgi-bin/browse-edgar?action=getcompany&CIK=37996&type=10-k&owner=exclude&count=40,https://www.ford.com,2026-05-13,https://stockanalysis.com/stocks/f/statistics/
FANG,Diamondback Energy Inc,fang,Energy,Oil & Gas E&P,56,14,1762,1539838,https://www.sec.gov/cgi-bin/browse-edgar?action=getcompany&CIK=1539838&type=10-k&owner=exclude&count=40,https://www.diamondbackenergy.com,2026-05-13,https://stockanalysis.com/stocks/fang/statistics/
FAST,Fastenal Company,fast,Industrials,Industrial Distribution,50,8,24489,815556,https://www.sec.gov/cgi-bin/browse-edgar?action=getcompany&CIK=815556&type=10-k&owner=exclude&count=40,https://www.fastenal.com,2026-05-13,https://stockanalysis.com/stocks/fast/statistics/
FCX,Freeport-McMoran Copper & Gold Inc,fcx,Basic Materials,Copper,98,26,29000,831259,https://www.sec.gov/cgi-bin/browse-edgar?action=getcompany&CIK=831259&type=10-k&owner=exclude&count=40,https://fcx.com,2026-05-13,https://stockanalysis.com/stocks/fcx/statistics/
FDS,FactSet Research Systems Inc,fds,Financial Services,Financial Data & Stock Exchanges,7,2,12800,1013237,https://www.sec.gov/cgi-bin/browse-edgar?action=getcompany&CIK=1013237&type=10-k&owner=exclude&count=40,https://www.factset.com,2026-05-13,https://stockanalysis.com/stocks/fds/statistics/
FDX,FedEx Corporation,fdx,Industrials,Integrated Freight & Logistics,89,92,510000,1048911,https://www.sec.gov/cgi-bin/browse-edgar?action=getcompany&CIK=1048911&type=10-k&owner=exclude&count=40,https://www.fedex.com,2026-05-13,https://stockanalysis.com/stocks/fdx/statistics/
FE,FirstEnergy Corporation,fe,Utilities,Utilities - Regulated Electric,25,15,11186,1031296,https://www.sec.gov/cgi-bin/browse-edgar?action=getcompany&CIK=1031296&type=10-k&owner=exclude&count=40,https://www.firstenergycorp.com,2026-05-13,https://stockanalysis.com/stocks/fe/statistics/
FFIV,F5 Networks Inc,ffiv,Technology,Software - Infrastructure,20,3,6578,1048695,https://www.sec.gov/cgi-bin/browse-edgar?action=getcompany&CIK=1048695&type=10-k&owner=exclude&count=40,https://www.f5.com,2026-05-13,https://stockanalysis.com/stocks/ffiv/statistics/
FI,"Fiserv, Inc.",fi,Technology,Information Technology Services,28,21,38000,798354,https://www.sec.gov/cgi-bin/browse-edgar?action=getcompany&CIK=798354&type=10-k&owner=exclude&count=40,https://www.fiserv.com,2026-05-13,https://stockanalysis.com/stocks/fi/statistics/
FICO,Fair Isaac Corporation,fico,Technology,Software - Application,25,2,3811,814547,https://www.sec.gov/cgi-bin/browse-edgar?action=getcompany&CIK=814547&type=10-k&owner=exclude&count=40,https://www.fico.com,2026-05-13,https://stockanalysis.com/stocks/fico/statistics/
FIS,Fidelity National Information Services Inc,fis,Technology,Information Technology Services,22,11,44000,1136893,https://www.sec.gov/cgi-bin/browse-edgar?action=getcompany&CIK=1136893&type=10-k&owner=exclude&count=40,https://www.fisglobal.com,2026-05-13,https://stockanalysis.com/stocks/fis/statistics/
FITB,Fifth Third Bancorp,fitb,Financial Services,Banks - Regional,43,9,18676,35527,https://www.sec.gov/cgi-bin/browse-edgar?action=getcompany&CIK=35527&type=10-k&owner=exclude&count=40,https://www.53.com,2026-05-13,https://stockanalysis.com/stocks/fitb/statistics/
FOX,Fox Corp Class B,fox,Communication Services,Entertainment,26,16,10200,1754301,https://www.sec.gov/cgi-bin/browse-edgar?action=getcompany&CIK=1754301&type=10-k&owner=exclude&count=40,https://www.foxcorporation.com,2026-05-13,https://stockanalysis.com/stocks/fox/statistics/
FOXA,Fox Corp Class A,foxa,Communication Services,Entertainment,28,16,10200,1754301,https://www.sec.gov/cgi-bin/browse-edgar?action=getcompany&CIK=1754301&type=10-k&owner=exclude&count=40,https://www.foxcorporation.com,2026-05-13,https://stockanalysis.com/stocks/foxa/statistics/
FRT,Federal Realty Investment Trust,frt,Real Estate,REIT - Retail,10,1,320,34903,https://www.sec.gov/cgi-bin/browse-edgar?action=getcompany&CIK=34903&type=10-k&owner=exclude&count=40,https://www.federalrealty.com,2026-05-13,https://stockanalysis.com/stocks/frt/statistics/
FSLR,First Solar Inc,fslr,Technology,Solar,26,5,7900,1274494,https://www.sec.gov/cgi-bin/browse-edgar?action=getcompany&CIK=1274494&type=10-k&owner=exclude&count=40,https://www.firstsolar.com,2026-05-13,https://stockanalysis.com/stocks/fslr/statistics/
FTNT,Fortinet Inc,ftnt,Technology,Software - Infrastructure,84,7,15109,1262039,https://www.sec.gov/cgi-bin/browse-edgar?action=getcompany&CIK=1262039&type=10-k&owner=exclude&count=40,https://www.fortinet.com,2026-05-13,https://stockanalysis.com/stocks/ftnt/statistics/
FTV,Fortive Corp,ftv,Technology,Scientific & Technical Instruments,18,4,10000,1659166,https://www.sec.gov/cgi-bin/browse-edgar?action=getcompany&CIK=1659166&type=10-k&owner=exclude&count=40,https://www.fortive.com,2026-05-13,https://stockanalysis.com/stocks/ftv/statistics/
GD,General Dynamics Corporation,gd,Industrials,Aerospace & Defense,92,54,117000,40533,https://www.sec.gov/cgi-bin/browse-edgar?action=getcompany&CIK=40533&type=10-k&owner=exclude&count=40,https://www.gd.com,2026-05-13,https://stockanalysis.com/stocks/gd/statistics/
GDDY,Godaddy Inc,gddy,Technology,Software - Infrastructure,11,5,5845,1609711,https://www.sec.gov/cgi-bin/browse-edgar?action=getcompany&CIK=1609711&type=10-k&owner=exclude&count=40,https://www.godaddy.com,2026-05-13,https://stockanalysis.com/stocks/gddy/statistics/
GE,GE Aerospace,ge,Industrials,Aerospace & Defense,309,48,57000,40545,https://www.sec.gov/cgi-bin/browse-edgar?action=getcompany&CIK=40545&type=10-k&owner=exclude&count=40,https://www.geaerospace.com,2026-05-13,https://stockanalysis.com/stocks/ge/statistics/
GEHC,GE HealthCare Technologies Inc.,gehc,Healthcare,Health Information Services,28,21,54000,1932393,https://www.sec.gov/cgi-bin/browse-edgar?action=getcompany&CIK=1932393&type=10-k&owner=exclude&count=40,https://www.gehealthcare.com,2026-05-13,https://stockanalysis.com/stocks/gehc/statistics/
GEN,Gen Digital Inc.,gen,Technology,Software - Infrastructure,14,5,3500,849399,https://www.sec.gov/cgi-bin/browse-edgar?action=getcompany&CIK=849399&type=10-k&owner=exclude&count=40,https://www.gendigital.com,2026-05-13,https://stockanalysis.com/stocks/gen/statistics/
GEV,GE Vernova LLC,gev,Utilities,Utilities - Renewable,288,39,78000,1996810,https://www.sec.gov/cgi-bin/browse-edgar?action=getcompany&CIK=1996810&type=10-k&owner=exclude&count=40,https://www.gevernova.com,2026-05-13,https://stockanalysis.com/stocks/gev/statistics/
GILD,Gilead Sciences Inc,gild,Healthcare,Drug Manufacturers - General,165,30,17000,882095,https://www.sec.gov/cgi-bin/browse-edgar?action=getcompany&CIK=882095&type=10-k&owner=exclude&count=40,https://www.gilead.com,2026-05-13,https://stockanalysis.com/stocks/gild/statistics/
GIS,General Mills Inc,gis,Consumer Defensive,Packaged Foods,18,18,33000,40704,https://www.sec.gov/cgi-bin/browse-edgar?action=getcompany&CIK=40704&type=10-k&owner=exclude&count=40,https://www.generalmills.com,2026-05-13,https://stockanalysis.com/stocks/gis/statistics/
GL,Globe Life Inc,gl,Financial Services,Insurance - Life,12,6,3695,320335,https://www.sec.gov/cgi-bin/browse-edgar?action=getcompany&CIK=320335&type=10-k&owner=exclude&count=40,https://home.globelifeinsurance.com,2026-05-13,https://stockanalysis.com/stocks/gl/statistics/
GLW,Corning Incorporated,glw,Technology,Electronic Components,174,16,67200,24741,https://www.sec.gov/cgi-bin/browse-edgar?action=getcompany&CIK=24741&type=10-k&owner=exclude&count=40,https://www.corning.com,2026-05-13,https://stockanalysis.com/stocks/glw/statistics/
GM,General Motors Company,gm,Consumer Cyclical,Auto Manufacturers,70,185,156000,1467858,https://www.sec.gov/cgi-bin/browse-edgar?action=getcompany&CIK=1467858&type=10-k&owner=exclude&count=40,https://www.gm.com,2026-05-13,https://stockanalysis.com/stocks/gm/statistics/
GNRC,Generac Holdings Inc,gnrc,Industrials,Specialty Industrial Machinery,16,4,9400,1474735,https://www.sec.gov/cgi-bin/browse-edgar?action=getcompany&CIK=1474735&type=10-k&owner=exclude&count=40,https://www.generac.com,2026-05-13,https://stockanalysis.com/stocks/gnrc/statistics/
GOOG,Alphabet Inc Class C,goog,Communication Services,Internet Content & Information,4670,422,190820,1652044,https://www.sec.gov/cgi-bin/browse-edgar?action=getcompany&CIK=1652044&type=10-k&owner=exclude&count=40,https://abc.xyz,2026-05-13,https://stockanalysis.com/stocks/goog/statistics/
GOOGL,Alphabet Inc Class A,googl,Communication Services,Internet Content & Information,4820,422,190820,1652044,https://www.sec.gov/cgi-bin/browse-edgar?action=getcompany&CIK=1652044&type=10-k&owner=exclude&count=40,https://abc.xyz,2026-05-13,https://stockanalysis.com/stocks/googl/statistics/
GPC,Genuine Parts Co,gpc,Consumer Cyclical,Auto Parts,14,25,65000,40987,https://www.sec.gov/cgi-bin/browse-edgar?action=getcompany&CIK=40987&type=10-k&owner=exclude&count=40,https://www.genpt.com,2026-05-13,https://stockanalysis.com/stocks/gpc/statistics/
GPN,Global Payments Inc,gpn,Industrials,Specialty Business Services,18,9,26000,1123360,https://www.sec.gov/cgi-bin/browse-edgar?action=getcompany&CIK=1123360&type=10-k&owner=exclude&count=40,https://www.globalpayments.com/en-ap,2026-05-13,https://stockanalysis.com/stocks/gpn/statistics/
GRMN,Garmin Ltd,grmn,Technology,Scientific & Technical Instruments,45,7,23000,1121788,https://www.sec.gov/cgi-bin/browse-edgar?action=getcompany&CIK=1121788&type=10-k&owner=exclude&count=40,https://www.garmin.com,2026-05-13,https://stockanalysis.com/stocks/grmn/statistics/
GS,Goldman Sachs Group Inc,gs,Financial Services,Capital Markets,292,62,47400,886982,https://www.sec.gov/cgi-bin/browse-edgar?action=getcompany&CIK=886982&type=10-k&owner=exclude&count=40,https://www.goldmansachs.com,2026-05-13,https://stockanalysis.com/stocks/gs/statistics/
GWW,WW Grainger Inc,gww,Industrials,Industrial Distribution,59,18,25000,277135,https://www.sec.gov/cgi-bin/browse-edgar?action=getcompany&CIK=277135&type=10-k&owner=exclude&count=40,https://www.grainger.com,2026-05-13,https://stockanalysis.com/stocks/gww/statistics/
HAL,Halliburton Company,hal,Energy,Oil & Gas Equipment & Services,34,22,46000,45012,https://www.sec.gov/cgi-bin/browse-edgar?action=getcompany&CIK=45012&type=10-k&owner=exclude&count=40,https://www.halliburton.com,2026-05-13,https://stockanalysis.com/stocks/hal/statistics/
HAS,Hasbro Inc,has,Consumer Cyclical,Leisure,13,5,4520,46080,https://www.sec.gov/cgi-bin/browse-edgar?action=getcompany&CIK=46080&type=10-k&owner=exclude&count=40,https://corporate.hasbro.com,2026-05-13,https://stockanalysis.com/stocks/has/statistics/
HBAN,Huntington Bancshares Incorporated,hban,Financial Services,Banks - Regional,32,8,20424,49196,https://www.sec.gov/cgi-bin/browse-edgar?action=getcompany&CIK=49196&type=10-k&owner=exclude&count=40,https://www.huntington.com,2026-05-13,https://stockanalysis.com/stocks/hban/statistics/
HCA,HCA Holdings Inc,hca,Healthcare,Medical Care Facilities,94,76,320000,860730,https://www.sec.gov/cgi-bin/browse-edgar?action=getcompany&CIK=860730&type=10-k&owner=exclude&count=40,https://www.hcahealthcare.com,2026-05-13,https://stockanalysis.com/stocks/hca/statistics/
HD,The Home Depot Inc,hd,Consumer Cyclical,Home Improvement Retail,300,165,472400,354950,https://www.sec.gov/cgi-bin/browse-edgar?action=getcompany&CIK=354950&type=10-k&owner=exclude&count=40,https://www.homedepot.com,2026-05-13,https://stockanalysis.com/stocks/hd/statistics/
HES,Hess Corporation,hes,Energy,Oil & Gas E&P,46,,,4447,https://www.sec.gov/cgi-bin/browse-edgar?action=getcompany&CIK=4447&type=10-k&owner=exclude&count=40,,2026-05-13,https://stockanalysis.com/stocks/hes/statistics/
HIG,Hartford Financial Services Group,hig,Financial Services,Insurance - Property & Casualty,36,29,19200,874766,https://www.sec.gov/cgi-bin/browse-edgar?action=getcompany&CIK=874766&type=10-k&owner=exclude&count=40,https://www.thehartford.com,2026-05-13,https://stockanalysis.com/stocks/hig/statistics/
HII,Huntington Ingalls Industries Inc,hii,Industrials,Aerospace & Defense,13,13,44000,1501585,https://www.sec.gov/cgi-bin/browse-edgar?action=getcompany&CIK=1501585&type=10-k&owner=exclude&count=40,https://www.hii.com,2026-05-13,https://stockanalysis.com/stocks/hii/statistics/
HLT,Hilton Worldwide Holdings Inc,hlt,Consumer Cyclical,Lodging,70,5,182000,1585689,https://www.sec.gov/cgi-bin/browse-edgar?action=getcompany&CIK=1585689&type=10-k&owner=exclude&count=40,https://www.hilton.com,2026-05-13,https://stockanalysis.com/stocks/hlt/statistics/
HOLX,Hologic Inc,holx,Healthcare,Medical Instruments & Supplies,17,4,7070,859737,https://www.sec.gov/cgi-bin/browse-edgar?action=getcompany&CIK=859737&type=10-k&owner=exclude&count=40,https://www.hologic.com,2026-05-13,https://stockanalysis.com/stocks/holx/statistics/
HON,Honeywell International Inc,hon,Industrials,Conglomerates,137,38,101000,773840,https://www.sec.gov/cgi-bin/browse-edgar?action=getcompany&CIK=773840&type=10-k&owner=exclude&count=40,https://www.honeywell.com,2026-05-13,https://stockanalysis.com/stocks/hon/statistics/
HPE,Hewlett Packard Enterprise Co,hpe,Technology,Communication Equipment,41,36,67000,1645590,https://www.sec.gov/cgi-bin/browse-edgar?action=getcompany&CIK=1645590&type=10-k&owner=exclude&count=40,https://www.hpe.com,2026-05-13,https://stockanalysis.com/stocks/hpe/statistics/
HPQ,HP Inc,hpq,Technology,Computer Hardware,19,56,55000,47217,https://www.sec.gov/cgi-bin/browse-edgar?action=getcompany&CIK=47217&type=10-k&owner=exclude&count=40,https://www.hp.com,2026-05-13,https://stockanalysis.com/stocks/hpq/statistics/
HRL,Hormel Foods Corporation,hrl,Consumer Defensive,Packaged Foods,11,12,20000,48465,https://www.sec.gov/cgi-bin/browse-edgar?action=getcompany&CIK=48465&type=10-k&owner=exclude&count=40,https://www.hormelfoods.com,2026-05-13,https://stockanalysis.com/stocks/hrl/statistics/
HSIC,Henry Schein Inc,hsic,Healthcare,Medical Distribution,8,13,25000,1000228,https://www.sec.gov/cgi-bin/browse-edgar?action=getcompany&CIK=1000228&type=10-k&owner=exclude&count=40,https://www.henryschein.com,2026-05-13,https://stockanalysis.com/stocks/hsic/statistics/
HST,Host Hotels & Resorts Inc,hst,Real Estate,REIT - Hotel & Motel,15,6,162,1070750,https://www.sec.gov/cgi-bin/browse-edgar?action=getcompany&CIK=1070750&type=10-k&owner=exclude&count=40,https://www.hosthotels.com,2026-05-13,https://stockanalysis.com/stocks/hst/statistics/
HSY,Hershey Co,hsy,Consumer Defensive,Confectioners,40,12,19595,47111,https://www.sec.gov/cgi-bin/browse-edgar?action=getcompany&CIK=47111&type=10-k&owner=exclude&count=40,https://www.thehersheycompany.com,2026-05-13,https://stockanalysis.com/stocks/hsy/statistics/
HUBB,Hubbell Inc,hubb,Industrials,Electrical Equipment & Parts,26,6,18000,48898,https://www.sec.gov/cgi-bin/browse-edgar?action=getcompany&CIK=48898&type=10-k&owner=exclude&count=40,https://www.hubbell.com,2026-05-13,https://stockanalysis.com/stocks/hubb/statistics/
HUM,Humana Inc,hum,Healthcare,Healthcare Plans,37,137,67060,49071,https://www.sec.gov/cgi-bin/browse-edgar?action=getcompany&CIK=49071&type=10-k&owner=exclude&count=40,https://www.humana.com,2026-05-13,https://stockanalysis.com/stocks/hum/statistics/
HWM,Howmet Aerospace Inc,hwm,Industrials,Aerospace & Defense,109,9,25430,4281,https://www.sec.gov/cgi-bin/browse-edgar?action=getcompany&CIK=4281&type=10-k&owner=exclude&count=40,https://www.howmet.com,2026-05-13,https://stockanalysis.com/stocks/hwm/statistics/
IBM,International Business Machines,ibm,Technology,Information Technology Services,200,69,264300,51143,https://www.sec.gov/cgi-bin/browse-edgar?action=getcompany&CIK=51143&type=10-k&owner=exclude&count=40,https://www.ibm.com,2026-05-13,https://stockanalysis.com/stocks/ibm/statistics/
ICE,Intercontinental Exchange Inc,ice,Financial Services,Financial Data & Stock Exchanges,87,10,12844,1571949,https://www.sec.gov/cgi-bin/browse-edgar?action=getcompany&CIK=1571949&type=10-k&owner=exclude&count=40,https://www.ice.com,2026-05-13,https://stockanalysis.com/stocks/ice/statistics/
IDXX,IDEXX Laboratories Inc,idxx,Healthcare,Diagnostics & Research,42,4,11000,874716,https://www.sec.gov/cgi-bin/browse-edgar?action=getcompany&CIK=874716&type=10-k&owner=exclude&count=40,https://www.idexx.com,2026-05-13,https://stockanalysis.com/stocks/idxx/statistics/
IEX,IDEX Corporation,iex,Industrials,Specialty Industrial Machinery,16,4,8700,832101,https://www.sec.gov/cgi-bin/browse-edgar?action=getcompany&CIK=832101&type=10-k&owner=exclude&count=40,https://www.idexcorp.com,2026-05-13,https://stockanalysis.com/stocks/iex/statistics/
IFF,International Flavors & Fragrances Inc,iff,Basic Materials,Specialty Chemicals,20,11,21500,51253,https://www.sec.gov/cgi-bin/browse-edgar?action=getcompany&CIK=51253&type=10-k&owner=exclude&count=40,https://www.iff.com,2026-05-13,https://stockanalysis.com/stocks/iff/statistics/
INCY,Incyte Corporation,incy,Healthcare,Biotechnology,20,5,2844,879169,https://www.sec.gov/cgi-bin/browse-edgar?action=getcompany&CIK=879169&type=10-k&owner=exclude&count=40,https://www.incyte.com,2026-05-13,https://stockanalysis.com/stocks/incy/statistics/
INTC,Intel Corporation,intc,Technology,Semiconductors,609,54,85100,50863,https://www.sec.gov/cgi-bin/browse-edgar?action=getcompany&CIK=50863&type=10-k&owner=exclude&count=40,https://www.intel.com,2026-05-13,https://stockanalysis.com/stocks/intc/statistics/
INTU,Intuit Inc,intu,Technology,Software - Application,104,20,18200,896878,https://www.sec.gov/cgi-bin/browse-edgar?action=getcompany&CIK=896878&type=10-k&owner=exclude&count=40,https://www.intuit.com,2026-05-13,https://stockanalysis.com/stocks/intu/statistics/
INVH,Invitation Homes Inc,invh,Real Estate,REIT - Residential,17,3,1725,1687229,https://www.sec.gov/cgi-bin/browse-edgar?action=getcompany&CIK=1687229&type=10-k&owner=exclude&count=40,https://www.invitationhomes.com,2026-05-13,https://stockanalysis.com/stocks/invh/statistics/
IP,International Paper,ip,Consumer Cyclical,Packaging & Containers,17,24,62602,51434,https://www.sec.gov/cgi-bin/browse-edgar?action=getcompany&CIK=51434&type=10-k&owner=exclude&count=40,https://www.internationalpaper.com,2026-05-13,https://stockanalysis.com/stocks/ip/statistics/
IPG,Interpublic Group of Companies Inc,ipg,Communication Services,Advertising Agencies,9,9,53300,51644,https://www.sec.gov/cgi-bin/browse-edgar?action=getcompany&CIK=51644&type=10-k&owner=exclude&count=40,https://www.interpublic.com,2026-05-13,https://stockanalysis.com/stocks/ipg/statistics/
IQV,IQVIA Holdings Inc,iqv,Healthcare,Diagnostics & Research,28,17,93000,1478242,https://www.sec.gov/cgi-bin/browse-edgar?action=getcompany&CIK=1478242&type=10-k&owner=exclude&count=40,https://www.iqvia.com,2026-05-13,https://stockanalysis.com/stocks/iqv/statistics/
IR,Ingersoll Rand Inc,ir,Industrials,Specialty Industrial Machinery,28,8,21000,1699150,https://www.sec.gov/cgi-bin/browse-edgar?action=getcompany&CIK=1699150&type=10-k&owner=exclude&count=40,https://www.irco.com,2026-05-13,https://stockanalysis.com/stocks/ir/statistics/
IRM,Iron Mountain Incorporated,irm,Real Estate,REIT - Specialty,37,7,29400,1020569,https://www.sec.gov/cgi-bin/browse-edgar?action=getcompany&CIK=1020569&type=10-k&owner=exclude&count=40,https://www.ironmountain.com,2026-05-13,https://stockanalysis.com/stocks/irm/statistics/
ISRG,Intuitive Surgical Inc,isrg,Healthcare,Medical Instruments & Supplies,154,11,17021,1035267,https://www.sec.gov/cgi-bin/browse-edgar?action=getcompany&CIK=1035267&type=10-k&owner=exclude&count=40,https://www.intuitive.com,2026-05-13,https://stockanalysis.com/stocks/isrg/statistics/
IT,Gartner Inc,it,Technology,Information Technology Services,10,6,20244,749251,https://www.sec.gov/cgi-bin/browse-edgar?action=getcompany&CIK=749251&type=10-k&owner=exclude&count=40,https://www.gartner.com,2026-05-13,https://stockanalysis.com/stocks/it/statistics/
ITW,Illinois Tool Works Inc,itw,Industrials,Specialty Industrial Machinery,72,16,43000,49826,https://www.sec.gov/cgi-bin/browse-edgar?action=getcompany&CIK=49826&type=10-k&owner=exclude&count=40,https://www.itw.com,2026-05-13,https://stockanalysis.com/stocks/itw/statistics/
IVZ,Invesco Plc,ivz,Financial Services,Asset Management,12,7,7499,914208,https://www.sec.gov/cgi-bin/browse-edgar?action=getcompany&CIK=914208&type=10-k&owner=exclude&count=40,https://www.invesco.com/corporate/en/home.html,2026-05-13,https://stockanalysis.com/stocks/ivz/statistics/
J,Jacobs Solutions Inc.,j,Industrials,Engineering & Construction,13,13,43000,52988,https://www.sec.gov/cgi-bin/browse-edgar?action=getcompany&CIK=52988&type=10-k&owner=exclude&count=40,https://www.jacobs.com,2026-05-13,https://stockanalysis.com/stocks/j/statistics/
JBHT,JB Hunt Transport Services Inc,jbht,Industrials,Integrated Freight & Logistics,22,12,31750,728535,https://www.sec.gov/cgi-bin/browse-edgar?action=getcompany&CIK=728535&type=10-k&owner=exclude&count=40,https://www.jbhunt.com,2026-05-13,https://stockanalysis.com/stocks/jbht/statistics/
JBL,Jabil Circuit Inc,jbl,Technology,Electronic Components,38,33,135000,898293,https://www.sec.gov/cgi-bin/browse-edgar?action=getcompany&CIK=898293&type=10-k&owner=exclude&count=40,https://www.jabil.com,2026-05-13,https://stockanalysis.com/stocks/jbl/statistics/
JCI,Johnson Controls International PLC,jci,Industrials,Building Products & Equipment,87,24,87000,833444,https://www.sec.gov/cgi-bin/browse-edgar?action=getcompany&CIK=833444&type=10-k&owner=exclude&count=40,https://www.johnsoncontrols.com,2026-05-13,https://stockanalysis.com/stocks/jci/statistics/
JKHY,Jack Henry & Associates Inc,jkhy,Technology,Information Technology Services,10,3,7240,779152,https://www.sec.gov/cgi-bin/browse-edgar?action=getcompany&CIK=779152&type=10-k&owner=exclude&count=40,https://www.jackhenry.com,2026-05-13,https://stockanalysis.com/stocks/jkhy/statistics/
JNJ,Johnson & Johnson,jnj,Healthcare,Drug Manufacturers - General,549,96,138200,200406,https://www.sec.gov/cgi-bin/browse-edgar?action=getcompany&CIK=200406&type=10-k&owner=exclude&count=40,https://www.jnj.com,2026-05-13,https://stockanalysis.com/stocks/jnj/statistics/
JNPR,Juniper Networks Inc,jnpr,Technology,Communication Equipment,13,5,11271,1043604,https://www.sec.gov/cgi-bin/browse-edgar?action=getcompany&CIK=1043604&type=10-k&owner=exclude&count=40,https://www.juniper.net,2026-05-13,https://stockanalysis.com/stocks/jnpr/statistics/
JPM,JPMorgan Chase & Co,jpm,Financial Services,Banks - Diversified,808,174,318512,19617,https://www.sec.gov/cgi-bin/browse-edgar?action=getcompany&CIK=19617&type=10-k&owner=exclude&count=40,https://www.jpmorganchase.com,2026-05-13,https://stockanalysis.com/stocks/jpm/statistics/
K,Kellanova,k,Consumer Defensive,Packaged Foods,29,13,24000,55067,https://www.sec.gov/cgi-bin/browse-edgar?action=getcompany&CIK=55067&type=10-k&owner=exclude&count=40,https://www.kellanova.com,2026-05-13,https://stockanalysis.com/stocks/k/statistics/
KDP,Keurig Dr Pepper Inc,kdp,Consumer Defensive,Beverages - Non-Alcoholic,40,17,30600,1418135,https://www.sec.gov/cgi-bin/browse-edgar?action=getcompany&CIK=1418135&type=10-k&owner=exclude&count=40,https://www.keurigdrpepper.com,2026-05-13,https://stockanalysis.com/stocks/kdp/statistics/
KEY,KeyCorp,key,Financial Services,Banks - Regional,23,7,17883,91576,https://www.sec.gov/cgi-bin/browse-edgar?action=getcompany&CIK=91576&type=10-k&owner=exclude&count=40,https://www.key.com,2026-05-13,https://stockanalysis.com/stocks/key/statistics/
KEYS,Keysight Technologies Inc,keys,Technology,Scientific & Technical Instruments,62,6,16800,1601046,https://www.sec.gov/cgi-bin/browse-edgar?action=getcompany&CIK=1601046&type=10-k&owner=exclude&count=40,https://www.keysight.com,2026-05-13,https://stockanalysis.com/stocks/keys/statistics/
KHC,Kraft Heinz Co,khc,Consumer Defensive,Packaged Foods,28,25,35000,1637459,https://www.sec.gov/cgi-bin/browse-edgar?action=getcompany&CIK=1637459&type=10-k&owner=exclude&count=40,https://www.kraftheinzcompany.com,2026-05-13,https://stockanalysis.com/stocks/khc/statistics/
KIM,Kimco Realty Corporation,kim,Real Estate,REIT - Retail,16,2,710,879101,https://www.sec.gov/cgi-bin/browse-edgar?action=getcompany&CIK=879101&type=10-k&owner=exclude&count=40,https://www.kimcorealty.com,2026-05-13,https://stockanalysis.com/stocks/kim/statistics/
KKR,KKR & Co LP,kkr,Financial Services,Asset Management,88,25,5043,1404912,https://www.sec.gov/cgi-bin/browse-edgar?action=getcompany&CIK=1404912&type=10-k&owner=exclude&count=40,https://www.kkr.com,2026-05-13,https://stockanalysis.com/stocks/kkr/statistics/
KLAC,KLA-Tencor Corporation,klac,Technology,Semiconductor Equipment & Materials,237,13,15200,319201,https://www.sec.gov/cgi-bin/browse-edgar?action=getcompany&CIK=319201&type=10-k&owner=exclude&count=40,https://www.kla.com,2026-05-13,https://stockanalysis.com/stocks/klac/statistics/
KMB,Kimberly-Clark Corporation,kmb,Consumer Defensive,Household & Personal Products,32,17,36000,55785,https://www.sec.gov/cgi-bin/browse-edgar?action=getcompany&CIK=55785&type=10-k&owner=exclude&count=40,https://www.kimberly-clark.com,2026-05-13,https://stockanalysis.com/stocks/kmb/statistics/
KMI,Kinder Morgan Inc,kmi,Energy,Oil & Gas Midstream,72,18,11028,1506307,https://www.sec.gov/cgi-bin/browse-edgar?action=getcompany&CIK=1506307&type=10-k&owner=exclude&count=40,https://www.kindermorgan.com,2026-05-13,https://stockanalysis.com/stocks/kmi/statistics/
KMX,CarMax Inc,kmx,Consumer Cyclical,Auto & Truck Dealerships,5,28,27796,1170010,https://www.sec.gov/cgi-bin/browse-edgar?action=getcompany&CIK=1170010&type=10-k&owner=exclude&count=40,https://www.carmax.com,2026-05-13,https://stockanalysis.com/stocks/kmx/statistics/
KO,The Coca-Cola Company,ko,Consumer Defensive,Beverages - Non-Alcoholic,345,49,65900,21344,https://www.sec.gov/cgi-bin/browse-edgar?action=getcompany&CIK=21344&type=10-k&owner=exclude&count=40,https://www.coca-colacompany.com,2026-05-13,https://stockanalysis.com/stocks/ko/statistics/
KR,Kroger Company,kr,Consumer Defensive,Grocery Stores,40,148,403000,56873,https://www.sec.gov/cgi-bin/browse-edgar?action=getcompany&CIK=56873&type=10-k&owner=exclude&count=40,https://www.thekrogerco.com,2026-05-13,https://stockanalysis.com/stocks/kr/statistics/
KVUE,Kenvue Inc.,kvue,Consumer Defensive,Household & Personal Products,33,15,22000,1944048,https://www.sec.gov/cgi-bin/browse-edgar?action=getcompany&CIK=1944048&type=10-k&owner=exclude&count=40,https://www.kenvue.com,2026-05-13,https://stockanalysis.com/stocks/kvue/statistics/
L,Loews Corp,l,Financial Services,Insurance - Property & Casualty,21,19,13100,60086,https://www.sec.gov/cgi-bin/browse-edgar?action=getcompany&CIK=60086&type=10-k&owner=exclude&count=40,https://www.loews.com,2026-05-13,https://stockanalysis.com/stocks/l/statistics/
LDOS,Leidos Holdings Inc,ldos,Technology,Information Technology Services,16,17,47000,1336920,https://www.sec.gov/cgi-bin/browse-edgar?action=getcompany&CIK=1336920&type=10-k&owner=exclude&count=40,https://www.leidos.com,2026-05-13,https://stockanalysis.com/stocks/ldos/statistics/
LEN,Lennar Corporation,len,Consumer Cyclical,Residential Construction,21,33,12532,920760,https://www.sec.gov/cgi-bin/browse-edgar?action=getcompany&CIK=920760&type=10-k&owner=exclude&count=40,https://www.lennar.com,2026-05-13,https://stockanalysis.com/stocks/len/statistics/
LH,Laboratory Corporation of America Holdings,lh,Healthcare,Diagnostics & Research,21,14,71000,920148,https://www.sec.gov/cgi-bin/browse-edgar?action=getcompany&CIK=920148&type=10-k&owner=exclude&count=40,https://www.labcorp.com,2026-05-13,https://stockanalysis.com/stocks/lh/statistics/
LHX,L3Harris Technologies Inc,lhx,Industrials,Aerospace & Defense,56,22,45000,202058,https://www.sec.gov/cgi-bin/browse-edgar?action=getcompany&CIK=202058&type=10-k&owner=exclude&count=40,https://www.l3harris.com,2026-05-13,https://stockanalysis.com/stocks/lhx/statistics/
LII,Lennox International Inc,lii,Industrials,Building Products & Equipment,18,5,12900,1069202,https://www.sec.gov/cgi-bin/browse-edgar?action=getcompany&CIK=1069202&type=10-k&owner=exclude&count=40,https://www.lennox.com,2026-05-13,https://stockanalysis.com/stocks/lii/statistics/
LIN,Linde plc Ordinary Shares,lin,Basic Materials,Specialty Chemicals,236,35,65177,1707925,https://www.sec.gov/cgi-bin/browse-edgar?action=getcompany&CIK=1707925&type=10-k&owner=exclude&count=40,https://www.linde.com,2026-05-13,https://stockanalysis.com/stocks/lin/statistics/
LKQ,LKQ Corporation,lkq,Consumer Cyclical,Auto Parts,7,14,44000,1065696,https://www.sec.gov/cgi-bin/browse-edgar?action=getcompany&CIK=1065696&type=10-k&owner=exclude&count=40,https://www.lkqcorp.com,2026-05-13,https://stockanalysis.com/stocks/lkq/statistics/
LLY,Eli Lilly and Company,lly,Healthcare,Drug Manufacturers - General,896,72,50000,59478,https://www.sec.gov/cgi-bin/browse-edgar?action=getcompany&CIK=59478&type=10-k&owner=exclude&count=40,https://www.lilly.com,2026-05-13,https://stockanalysis.com/stocks/lly/statistics/
LMT,Lockheed Martin Corporation,lmt,Industrials,Aerospace & Defense,119,75,123000,936468,https://www.sec.gov/cgi-bin/browse-edgar?action=getcompany&CIK=936468&type=10-k&owner=exclude&count=40,https://www.lockheedmartin.com,2026-05-13,https://stockanalysis.com/stocks/lmt/statistics/
LNT,Alliant Energy Corp,lnt,Utilities,Utilities - Regulated Electric,19,4,4943,352541,https://www.sec.gov/cgi-bin/browse-edgar?action=getcompany&CIK=352541&type=10-k&owner=exclude&count=40,https://www.alliantenergy.com,2026-05-13,https://stockanalysis.com/stocks/lnt/statistics/
LOW,Lowe's Companies Inc,low,Consumer Cyclical,Home Improvement Retail,122,86,276000,60667,https://www.sec.gov/cgi-bin/browse-edgar?action=getcompany&CIK=60667&type=10-k&owner=exclude&count=40,https://corporate.lowes.com,2026-05-13,https://stockanalysis.com/stocks/low/statistics/
LRCX,Lam Research Corp,lrcx,Technology,Semiconductor Equipment & Materials,365,22,17200,707549,https://www.sec.gov/cgi-bin/browse-edgar?action=getcompany&CIK=707549&type=10-k&owner=exclude&count=40,https://www.lamresearch.com,2026-05-13,https://stockanalysis.com/stocks/lrcx/statistics/
LULU,Lululemon Athletica Inc.,lulu,Consumer Cyclical,Apparel Retail,14,11,39000,1397187,https://www.sec.gov/cgi-bin/browse-edgar?action=getcompany&CIK=1397187&type=10-k&owner=exclude&count=40,https://corporate.lululemon.com,2026-05-13,https://stockanalysis.com/stocks/lulu/statistics/
LUV,Southwest Airlines Company,luv,Industrials,Airlines,19,29,72790,92380,https://www.sec.gov/cgi-bin/browse-edgar?action=getcompany&CIK=92380&type=10-k&owner=exclude&count=40,https://www.southwest.com,2026-05-13,https://stockanalysis.com/stocks/luv/statistics/
LVS,Las Vegas Sands Corp,lvs,Consumer Cyclical,Resorts & Casinos,34,14,41500,1300514,https://www.sec.gov/cgi-bin/browse-edgar?action=getcompany&CIK=1300514&type=10-k&owner=exclude&count=40,https://www.sands.com,2026-05-13,https://stockanalysis.com/stocks/lvs/statistics/
LW,Lamb Weston Holdings Inc,lw,Consumer Defensive,Packaged Foods,6,7,10100,1679273,https://www.sec.gov/cgi-bin/browse-edgar?action=getcompany&CIK=1679273&type=10-k&owner=exclude&count=40,https://www.lambweston.com,2026-05-13,https://stockanalysis.com/stocks/lw/statistics/
LYB,LyondellBasell Industries NV,lyb,Basic Materials,Specialty Chemicals,24,30,18970,1489393,https://www.sec.gov/cgi-bin/browse-edgar?action=getcompany&CIK=1489393&type=10-k&owner=exclude&count=40,https://www.lyondellbasell.com,2026-05-13,https://stockanalysis.com/stocks/lyb/statistics/
LYV,Live Nation Entertainment Inc,lyv,Communication Services,Entertainment,39,26,34700,1335258,https://www.sec.gov/cgi-bin/browse-edgar?action=getcompany&CIK=1335258&type=10-k&owner=exclude&count=40,https://www.livenationentertainment.com,2026-05-13,https://stockanalysis.com/stocks/lyv/statistics/
MA,Mastercard Inc,ma,Financial Services,Credit Services,435,34,39800,1141391,https://www.sec.gov/cgi-bin/browse-edgar?action=getcompany&CIK=1141391&type=10-k&owner=exclude&count=40,https://www.mastercard.com,2026-05-13,https://stockanalysis.com/stocks/ma/statistics/
MAA,Mid-America Apartment Communities Inc,maa,Real Estate,REIT - Residential,15,2,2507,912595,https://www.sec.gov/cgi-bin/browse-edgar?action=getcompany&CIK=912595&type=10-k&owner=exclude&count=40,https://www.maac.com,2026-05-13,https://stockanalysis.com/stocks/maa/statistics/
MAR,Marriott International Inc,mar,Consumer Cyclical,Lodging,92,7,414000,1048286,https://www.sec.gov/cgi-bin/browse-edgar?action=getcompany&CIK=1048286&type=10-k&owner=exclude&count=40,https://www.marriott.com,2026-05-13,https://stockanalysis.com/stocks/mar/statistics/
MAS,Masco Corporation,mas,Industrials,Building Products & Equipment,13,8,18000,62996,https://www.sec.gov/cgi-bin/browse-edgar?action=getcompany&CIK=62996&type=10-k&owner=exclude&count=40,https://masco.com,2026-05-13,https://stockanalysis.com/stocks/mas/statistics/
MCD,McDonald’s Corporation,mcd,Consumer Cyclical,Restaurants,195,27,150000,63908,https://www.sec.gov/cgi-bin/browse-edgar?action=getcompany&CIK=63908&type=10-k&owner=exclude&count=40,https://www.mcdonalds.com,2026-05-13,https://stockanalysis.com/stocks/mcd/statistics/
MCHP,Microchip Technology Inc,mchp,Technology,Semiconductors,53,5,19400,827054,https://www.sec.gov/cgi-bin/browse-edgar?action=getcompany&CIK=827054&type=10-k&owner=exclude&count=40,https://www.microchip.com,2026-05-13,https://stockanalysis.com/stocks/mchp/statistics/
MCK,McKesson Corporation,mck,Healthcare,Medical Distribution,88,403,43000,927653,https://www.sec.gov/cgi-bin/browse-edgar?action=getcompany&CIK=927653&type=10-k&owner=exclude&count=40,https://www.mckesson.com,2026-05-13,https://stockanalysis.com/stocks/mck/statistics/
MCO,Moodys Corporation,mco,Financial Services,Financial Data & Stock Exchanges,76,8,16076,1059556,https://www.sec.gov/cgi-bin/browse-edgar?action=getcompany&CIK=1059556&type=10-k&owner=exclude&count=40,https://www.moodys.com,2026-05-13,https://stockanalysis.com/stocks/mco/statistics/
MDLZ,Mondelez International Inc,mdlz,Consumer Defensive,Confectioners,78,39,91000,1103982,https://www.sec.gov/cgi-bin/browse-edgar?action=getcompany&CIK=1103982&type=10-k&owner=exclude&count=40,https://www.mondelezinternational.com,2026-05-13,https://stockanalysis.com/stocks/mdlz/statistics/
MDT,Medtronic PLC,mdt,Healthcare,Medical Devices,97,35,95000,1613103,https://www.sec.gov/cgi-bin/browse-edgar?action=getcompany&CIK=1613103&type=10-k&owner=exclude&count=40,https://www.medtronic.com,2026-05-13,https://stockanalysis.com/stocks/mdt/statistics/
MET,MetLife Inc,met,Financial Services,Insurance - Life,50,78,46000,1099219,https://www.sec.gov/cgi-bin/browse-edgar?action=getcompany&CIK=1099219&type=10-k&owner=exclude&count=40,https://www.metlife.com,2026-05-13,https://stockanalysis.com/stocks/met/statistics/
META,Meta Platforms Inc.,meta,Communication Services,Internet Content & Information,1540,215,78865,1326801,https://www.sec.gov/cgi-bin/browse-edgar?action=getcompany&CIK=1326801&type=10-k&owner=exclude&count=40,https://www.meta.com,2026-05-13,https://stockanalysis.com/stocks/meta/statistics/
MGM,MGM Resorts International,mgm,Consumer Cyclical,Resorts & Casinos,10,18,78000,789570,https://www.sec.gov/cgi-bin/browse-edgar?action=getcompany&CIK=789570&type=10-k&owner=exclude&count=40,https://www.mgmresorts.com,2026-05-13,https://stockanalysis.com/stocks/mgm/statistics/
MHK,Mohawk Industries Inc,mhk,Consumer Cyclical,"Furnishings, Fixtures & Appliances",6,11,40500,851968,https://www.sec.gov/cgi-bin/browse-edgar?action=getcompany&CIK=851968&type=10-k&owner=exclude&count=40,https://www.mohawkind.com,2026-05-13,https://stockanalysis.com/stocks/mhk/statistics/
MKC,McCormick & Company Incorporated,mkc,Consumer Defensive,Packaged Foods,12,7,14100,63754,https://www.sec.gov/cgi-bin/browse-edgar?action=getcompany&CIK=63754&type=10-k&owner=exclude&count=40,https://www.mccormickcorporation.com,2026-05-13,https://stockanalysis.com/stocks/mkc/statistics/
MKTX,MarketAxess Holdings Inc,mktx,Financial Services,Capital Markets,5,1,868,1278021,https://www.sec.gov/cgi-bin/browse-edgar?action=getcompany&CIK=1278021&type=10-k&owner=exclude&count=40,https://www.marketaxess.com,2026-05-13,https://stockanalysis.com/stocks/mktx/statistics/
MLM,Martin Marietta Materials Inc,mlm,Basic Materials,Building Materials,34,6,9600,916076,https://www.sec.gov/cgi-bin/browse-edgar?action=getcompany&CIK=916076&type=10-k&owner=exclude&count=40,https://www.martinmarietta.com,2026-05-13,https://stockanalysis.com/stocks/mlm/statistics/
MMC,Marsh & McLennan Companies Inc,mmc,Financial Services,Insurance Brokers,77,28,95000,62709,https://www.sec.gov/cgi-bin/browse-edgar?action=getcompany&CIK=62709&type=10-k&owner=exclude&count=40,https://www.corporate.marsh.com/global/home.html,2026-05-13,https://stockanalysis.com/stocks/mmc/statistics/
MMM,3M Company,mmm,Industrials,Conglomerates,77,25,60500,66740,https://www.sec.gov/cgi-bin/browse-edgar?action=getcompany&CIK=66740&type=10-k&owner=exclude&count=40,https://www.3m.com,2026-05-13,https://stockanalysis.com/stocks/mmm/statistics/
MNST,Monster Beverage Corp,mnst,Consumer Defensive,Beverages - Non-Alcoholic,84,9,6891,865752,https://www.sec.gov/cgi-bin/browse-edgar?action=getcompany&CIK=865752&type=10-k&owner=exclude&count=40,https://www.monsterbevcorp.com,2026-05-13,https://stockanalysis.com/stocks/mnst/statistics/
MO,Altria Group,mo,Consumer Defensive,Tobacco,119,20,5900,764180,https://www.sec.gov/cgi-bin/browse-edgar?action=getcompany&CIK=764180&type=10-k&owner=exclude&count=40,https://www.altria.com,2026-05-13,https://stockanalysis.com/stocks/mo/statistics/
MOH,Molina Healthcare Inc,moh,Healthcare,Healthcare Plans,10,43,19000,1179929,https://www.sec.gov/cgi-bin/browse-edgar?action=getcompany&CIK=1179929&type=10-k&owner=exclude&count=40,https://www.molinahealthcare.com,2026-05-13,https://stockanalysis.com/stocks/moh/statistics/
MOS,The Mosaic Company,mos,Basic Materials,Agricultural Inputs,7,12,13249,1285785,https://www.sec.gov/cgi-bin/browse-edgar?action=getcompany&CIK=1285785&type=10-k&owner=exclude&count=40,https://www.mosaicco.com,2026-05-13,https://stockanalysis.com/stocks/mos/statistics/
MPC,Marathon Petroleum Corp,mpc,Energy,Oil & Gas Refining & Marketing,72,136,18500,1510295,https://www.sec.gov/cgi-bin/browse-edgar?action=getcompany&CIK=1510295&type=10-k&owner=exclude&count=40,https://www.marathonpetroleum.com,2026-05-13,https://stockanalysis.com/stocks/mpc/statistics/
MPWR,Monolithic Power Systems Inc,mpwr,Technology,Semiconductors,81,3,4501,1280452,https://www.sec.gov/cgi-bin/browse-edgar?action=getcompany&CIK=1280452&type=10-k&owner=exclude&count=40,https://www.monolithicpower.com,2026-05-13,https://stockanalysis.com/stocks/mpwr/statistics/
MRK,Merck & Company Inc,mrk,Healthcare,Drug Manufacturers - General,279,66,75000,310158,https://www.sec.gov/cgi-bin/browse-edgar?action=getcompany&CIK=310158&type=10-k&owner=exclude&count=40,https://www.merck.com,2026-05-13,https://stockanalysis.com/stocks/mrk/statistics/
MRNA,Moderna Inc,mrna,Healthcare,Biotechnology,20,2,4700,1682852,https://www.sec.gov/cgi-bin/browse-edgar?action=getcompany&CIK=1682852&type=10-k&owner=exclude&count=40,https://www.modernatx.com,2026-05-13,https://stockanalysis.com/stocks/mrna/statistics/
MS,Morgan Stanley,ms,Financial Services,Capital Markets,305,73,83000,895421,https://www.sec.gov/cgi-bin/browse-edgar?action=getcompany&CIK=895421&type=10-k&owner=exclude&count=40,https://www.morganstanley.com,2026-05-13,https://stockanalysis.com/stocks/ms/statistics/
MSCI,MSCI Inc,msci,Financial Services,Financial Data & Stock Exchanges,40,3,6286,1408198,https://www.sec.gov/cgi-bin/browse-edgar?action=getcompany&CIK=1408198&type=10-k&owner=exclude&count=40,https://www.msci.com,2026-05-13,https://stockanalysis.com/stocks/msci/statistics/
MSFT,Microsoft Corporation,msft,Technology,Software - Infrastructure,3000,318,228000,789019,https://www.sec.gov/cgi-bin/browse-edgar?action=getcompany&CIK=789019&type=10-k&owner=exclude&count=40,https://www.microsoft.com,2026-05-13,https://stockanalysis.com/stocks/msft/statistics/
MSI,Motorola Solutions Inc,msi,Technology,Communication Equipment,65,12,23000,68505,https://www.sec.gov/cgi-bin/browse-edgar?action=getcompany&CIK=68505&type=10-k&owner=exclude&count=40,https://www.motorolasolutions.com,2026-05-13,https://stockanalysis.com/stocks/msi/statistics/
MTB,M&T Bank Corporation,mtb,Financial Services,Banks - Regional,30,9,22278,36270,https://www.sec.gov/cgi-bin/browse-edgar?action=getcompany&CIK=36270&type=10-k&owner=exclude&count=40,https://www.mtb.com,2026-05-13,https://stockanalysis.com/stocks/mtb/statistics/
MTCH,Match Group Inc,mtch,Communication Services,Internet Content & Information,8,4,2510,891103,https://www.sec.gov/cgi-bin/browse-edgar?action=getcompany&CIK=891103&type=10-k&owner=exclude&count=40,https://mtch.com,2026-05-13,https://stockanalysis.com/stocks/mtch/statistics/
MTD,Mettler-Toledo International Inc,mtd,Healthcare,Diagnostics & Research,21,4,18100,1037646,https://www.sec.gov/cgi-bin/browse-edgar?action=getcompany&CIK=1037646&type=10-k&owner=exclude&count=40,https://www.mt.com,2026-05-13,https://stockanalysis.com/stocks/mtd/statistics/
MU,Micron Technology Inc,mu,Technology,Semiconductors,893,58,53000,723125,https://www.sec.gov/cgi-bin/browse-edgar?action=getcompany&CIK=723125&type=10-k&owner=exclude&count=40,https://www.micron.com,2026-05-13,https://stockanalysis.com/stocks/mu/statistics/
NCLH,Norwegian Cruise Line Holdings Ltd,nclh,Consumer Cyclical,Travel Services,7,10,44500,1513761,https://www.sec.gov/cgi-bin/browse-edgar?action=getcompany&CIK=1513761&type=10-k&owner=exclude&count=40,https://www.nclhltd.com,2026-05-13,https://stockanalysis.com/stocks/nclh/statistics/
NDAQ,Nasdaq Inc,ndaq,Financial Services,Financial Data & Stock Exchanges,50,5,9525,1120193,https://www.sec.gov/cgi-bin/browse-edgar?action=getcompany&CIK=1120193&type=10-k&owner=exclude&count=40,https://www.nasdaq.com,2026-05-13,https://stockanalysis.com/stocks/ndaq/statistics/
NDSN,Nordson Corporation,ndsn,Industrials,Specialty Industrial Machinery,16,3,8000,72331,https://www.sec.gov/cgi-bin/browse-edgar?action=getcompany&CIK=72331&type=10-k&owner=exclude&count=40,https://www.nordson.com,2026-05-13,https://stockanalysis.com/stocks/ndsn/statistics/
NEE,Nextera Energy Inc,nee,Utilities,Utilities - Regulated Electric,198,28,17300,753308,https://www.sec.gov/cgi-bin/browse-edgar?action=getcompany&CIK=753308&type=10-k&owner=exclude&count=40,https://www.nexteraenergy.com,2026-05-13,https://stockanalysis.com/stocks/nee/statistics/
NEM,Newmont Goldcorp Corp,nem,Basic Materials,Gold,127,25,17500,1164727,https://www.sec.gov/cgi-bin/browse-edgar?action=getcompany&CIK=1164727&type=10-k&owner=exclude&count=40,https://www.newmont.com,2026-05-13,https://stockanalysis.com/stocks/nem/statistics/
NFLX,Netflix Inc,nflx,Communication Services,Entertainment,366,47,16000,1065280,https://www.sec.gov/cgi-bin/browse-edgar?action=getcompany&CIK=1065280&type=10-k&owner=exclude&count=40,https://www.netflix.com,2026-05-13,https://stockanalysis.com/stocks/nflx/statistics/
NI,NiSource Inc,ni,Utilities,Utilities - Regulated Gas,22,7,7668,1111711,https://www.sec.gov/cgi-bin/browse-edgar?action=getcompany&CIK=1111711&type=10-k&owner=exclude&count=40,https://www.nisource.com,2026-05-13,https://stockanalysis.com/stocks/ni/statistics/
NOC,Northrop Grumman Corporation,noc,Industrials,Aerospace & Defense,78,42,95000,1133421,https://www.sec.gov/cgi-bin/browse-edgar?action=getcompany&CIK=1133421&type=10-k&owner=exclude&count=40,https://www.northropgrumman.com,2026-05-13,https://stockanalysis.com/stocks/noc/statistics/
NOW,ServiceNow Inc,now,Technology,Software - Application,90,14,29187,1373715,https://www.sec.gov/cgi-bin/browse-edgar?action=getcompany&CIK=1373715&type=10-k&owner=exclude&count=40,https://www.servicenow.com,2026-05-13,https://stockanalysis.com/stocks/now/statistics/
NRG,NRG Energy Inc.,nrg,Utilities,Utilities - Independent Power Producers,27,32,16702,1013871,https://www.sec.gov/cgi-bin/browse-edgar?action=getcompany&CIK=1013871&type=10-k&owner=exclude&count=40,https://www.nrg.com,2026-05-13,https://stockanalysis.com/stocks/nrg/statistics/
NSC,Norfolk Southern Corporation,nsc,Industrials,Railroads,70,12,19300,702165,https://www.sec.gov/cgi-bin/browse-edgar?action=getcompany&CIK=702165&type=10-k&owner=exclude&count=40,https://www.norfolksouthern.com,2026-05-13,https://stockanalysis.com/stocks/nsc/statistics/
NTAP,NetApp Inc,ntap,Technology,Computer Hardware,23,7,11700,1002047,https://www.sec.gov/cgi-bin/browse-edgar?action=getcompany&CIK=1002047&type=10-k&owner=exclude&count=40,https://www.netapp.com,2026-05-13,https://stockanalysis.com/stocks/ntap/statistics/
NTRS,Northern Trust Corporation,ntrs,Financial Services,Asset Management,30,8,23800,73124,https://www.sec.gov/cgi-bin/browse-edgar?action=getcompany&CIK=73124&type=10-k&owner=exclude&count=40,https://www.northerntrust.com,2026-05-13,https://stockanalysis.com/stocks/ntrs/statistics/
NUE,Nucor Corp,nue,Basic Materials,Steel,53,34,33000,73309,https://www.sec.gov/cgi-bin/browse-edgar?action=getcompany&CIK=73309&type=10-k&owner=exclude&count=40,https://www.nucor.com,2026-05-13,https://stockanalysis.com/stocks/nue/statistics/
NVDA,NVIDIA Corporation,nvda,Technology,Semiconductors,5470,216,42000,1045810,https://www.sec.gov/cgi-bin/browse-edgar?action=getcompany&CIK=1045810&type=10-k&owner=exclude&count=40,https://www.nvidia.com,2026-05-13,https://stockanalysis.com/stocks/nvda/statistics/
NVR,NVR Inc,nvr,Consumer Cyclical,Residential Construction,15,10,6300,906163,https://www.sec.gov/cgi-bin/browse-edgar?action=getcompany&CIK=906163&type=10-k&owner=exclude&count=40,https://www.nvrinc.com,2026-05-13,https://stockanalysis.com/stocks/nvr/statistics/
NWS,News Corp B,nws,Communication Services,Entertainment,15,9,23900,1564708,https://www.sec.gov/cgi-bin/browse-edgar?action=getcompany&CIK=1564708&type=10-k&owner=exclude&count=40,https://newscorp.com,2026-05-13,https://stockanalysis.com/stocks/nws/statistics/
NWSA,News Corp A,nwsa,Communication Services,Entertainment,15,9,23900,1564708,https://www.sec.gov/cgi-bin/browse-edgar?action=getcompany&CIK=1564708&type=10-k&owner=exclude&count=40,https://newscorp.com,2026-05-13,https://stockanalysis.com/stocks/nwsa/statistics/
NXPI,NXP Semiconductors NV,nxpi,Technology,Semiconductors,76,13,32169,1413447,https://www.sec.gov/cgi-bin/browse-edgar?action=getcompany&CIK=1413447&type=10-k&owner=exclude&count=40,https://www.nxp.com,2026-05-13,https://stockanalysis.com/stocks/nxpi/statistics/
O,Realty Income Corporation,o,Real Estate,REIT - Retail,58,6,544,726728,https://www.sec.gov/cgi-bin/browse-edgar?action=getcompany&CIK=726728&type=10-k&owner=exclude&count=40,https://www.realtyincome.com,2026-05-13,https://stockanalysis.com/stocks/o/statistics/
ODFL,Old Dominion Freight Line Inc,odfl,Industrials,Trucking,39,5,20591,878927,https://www.sec.gov/cgi-bin/browse-edgar?action=getcompany&CIK=878927&type=10-k&owner=exclude&count=40,https://www.odfl.com,2026-05-13,https://stockanalysis.com/stocks/odfl/statistics/
OKE,ONEOK Inc,oke,Energy,Oil & Gas Midstream,55,35,6326,1039684,https://www.sec.gov/cgi-bin/browse-edgar?action=getcompany&CIK=1039684&type=10-k&owner=exclude&count=40,https://www.oneok.com/,2026-05-13,https://stockanalysis.com/stocks/oke/statistics/
OMC,Omnicom Group Inc,omc,Communication Services,Advertising Agencies,21,20,120000,29989,https://www.sec.gov/cgi-bin/browse-edgar?action=getcompany&CIK=29989&type=10-k&owner=exclude&count=40,https://www.omc.com,2026-05-13,https://stockanalysis.com/stocks/omc/statistics/
ORCL,Oracle Corporation,orcl,Technology,Software - Infrastructure,544,64,162000,1341439,https://www.sec.gov/cgi-bin/browse-edgar?action=getcompany&CIK=1341439&type=10-k&owner=exclude&count=40,https://www.oracle.com,2026-05-13,https://stockanalysis.com/stocks/orcl/statistics/
ORLY,O’Reilly Automotive Inc,orly,Consumer Cyclical,Specialty Retail,74,18,92923,898173,https://www.sec.gov/cgi-bin/browse-edgar?action=getcompany&CIK=898173&type=10-k&owner=exclude&count=40,https://www.oreillyauto.com,2026-05-13,https://stockanalysis.com/stocks/orly/statistics/
OTIS,Otis Worldwide Corp,otis,Industrials,Specialty Industrial Machinery,28,15,72000,1781335,https://www.sec.gov/cgi-bin/browse-edgar?action=getcompany&CIK=1781335&type=10-k&owner=exclude&count=40,https://www.otis.com,2026-05-13,https://stockanalysis.com/stocks/otis/statistics/
OXY,Occidental Petroleum Corporation,oxy,Energy,Oil & Gas E&P,55,21,10412,797468,https://www.sec.gov/cgi-bin/browse-edgar?action=getcompany&CIK=797468&type=10-k&owner=exclude&count=40,https://www.oxy.com,2026-05-13,https://stockanalysis.com/stocks/oxy/statistics/
PANW,Palo Alto Networks Inc,panw,Technology,Software - Infrastructure,177,10,16068,1327567,https://www.sec.gov/cgi-bin/browse-edgar?action=getcompany&CIK=1327567&type=10-k&owner=exclude&count=40,https://www.paloaltonetworks.com,2026-05-13,https://stockanalysis.com/stocks/panw/statistics/
PARA,Paramount Global Class B,para,Communication Services,Entertainment,7,29,18600,813828,https://www.sec.gov/cgi-bin/browse-edgar?action=getcompany&CIK=813828&type=10-k&owner=exclude&count=40,https://www.paramount.com,2026-05-13,https://stockanalysis.com/stocks/para/statistics/
PAYC,"Paycom Software, Inc.",payc,Technology,Software - Application,6,2,5770,1590955,https://www.sec.gov/cgi-bin/browse-edgar?action=getcompany&CIK=1590955&type=10-k&owner=exclude&count=40,https://www.paycom.com,2026-05-13,https://stockanalysis.com/stocks/payc/statistics/
PAYX,Paychex Inc,payx,Technology,Software - Application,32,6,19000,723531,https://www.sec.gov/cgi-bin/browse-edgar?action=getcompany&CIK=723531&type=10-k&owner=exclude&count=40,https://www.paychex.com,2026-05-13,https://stockanalysis.com/stocks/payx/statistics/
PCAR,PACCAR Inc,pcar,Industrials,Farm & Heavy Construction Machinery,59,28,25900,75362,https://www.sec.gov/cgi-bin/browse-edgar?action=getcompany&CIK=75362&type=10-k&owner=exclude&count=40,https://www.paccar.com,2026-05-13,https://stockanalysis.com/stocks/pcar/statistics/
PEG,Public Service Enterprise Group Inc,peg,Utilities,Utilities - Regulated Electric,38,13,13189,788784,https://www.sec.gov/cgi-bin/browse-edgar?action=getcompany&CIK=788784&type=10-k&owner=exclude&count=40,https://investor.pseg.com,2026-05-13,https://stockanalysis.com/stocks/peg/statistics/
PEP,PepsiCo Inc,pep,Consumer Defensive,Beverages - Non-Alcoholic,204,95,306000,77476,https://www.sec.gov/cgi-bin/browse-edgar?action=getcompany&CIK=77476&type=10-k&owner=exclude&count=40,https://www.pepsico.com,2026-05-13,https://stockanalysis.com/stocks/pep/statistics/
PFE,Pfizer Inc,pfe,Healthcare,Drug Manufacturers - General,147,63,75000,78003,https://www.sec.gov/cgi-bin/browse-edgar?action=getcompany&CIK=78003&type=10-k&owner=exclude&count=40,https://www.pfizer.com,2026-05-13,https://stockanalysis.com/stocks/pfe/statistics/
PFG,Principal Financial Group Inc,pfg,Financial Services,Asset Management,22,15,19700,1126328,https://www.sec.gov/cgi-bin/browse-edgar?action=getcompany&CIK=1126328&type=10-k&owner=exclude&count=40,https://www.principal.com,2026-05-13,https://stockanalysis.com/stocks/pfg/statistics/
PG,Procter & Gamble Company,pg,Consumer Defensive,Household & Personal Products,332,87,109000,80424,https://www.sec.gov/cgi-bin/browse-edgar?action=getcompany&CIK=80424&type=10-k&owner=exclude&count=40,https://www.pginvestor.com,2026-05-13,https://stockanalysis.com/stocks/pg/statistics/
PGR,Progressive Corp,pgr,Financial Services,Insurance - Property & Casualty,115,89,70000,80661,https://www.sec.gov/cgi-bin/browse-edgar?action=getcompany&CIK=80661&type=10-k&owner=exclude&count=40,https://www.progressive.com,2026-05-13,https://stockanalysis.com/stocks/pgr/statistics/
PH,Parker-Hannifin Corporation,ph,Industrials,Specialty Industrial Machinery,111,21,57950,76334,https://www.sec.gov/cgi-bin/browse-edgar?action=getcompany&CIK=76334&type=10-k&owner=exclude&count=40,https://www.parker.com,2026-05-13,https://stockanalysis.com/stocks/ph/statistics/
PHM,PulteGroup Inc,phm,Consumer Cyclical,Residential Construction,21,17,6506,822416,https://www.sec.gov/cgi-bin/browse-edgar?action=getcompany&CIK=822416&type=10-k&owner=exclude&count=40,https://pultegroupinc.com,2026-05-13,https://stockanalysis.com/stocks/phm/statistics/
PKG,Packaging Corp of America,pkg,Consumer Cyclical,Packaging & Containers,20,9,16800,75677,https://www.sec.gov/cgi-bin/browse-edgar?action=getcompany&CIK=75677&type=10-k&owner=exclude&count=40,https://www.packagingcorp.com,2026-05-13,https://stockanalysis.com/stocks/pkg/statistics/
PLD,Prologis Inc,pld,Real Estate,REIT - Industrial,136,9,2802,1045609,https://www.sec.gov/cgi-bin/browse-edgar?action=getcompany&CIK=1045609&type=10-k&owner=exclude&count=40,https://www.prologis.com,2026-05-13,https://stockanalysis.com/stocks/pld/statistics/
PLTR,Palantir Technologies Inc. Class A Common Stock,pltr,Technology,Software - Infrastructure,313,5,4429,1321655,https://www.sec.gov/cgi-bin/browse-edgar?action=getcompany&CIK=1321655&type=10-k&owner=exclude&count=40,https://www.palantir.com,2026-05-13,https://stockanalysis.com/stocks/pltr/statistics/
PM,Philip Morris International Inc,pm,Consumer Defensive,Tobacco,294,41,84900,1413329,https://www.sec.gov/cgi-bin/browse-edgar?action=getcompany&CIK=1413329&type=10-k&owner=exclude&count=40,https://www.pmi.com,2026-05-13,https://stockanalysis.com/stocks/pm/statistics/
PNC,PNC Financial Services Group Inc,pnc,Financial Services,Banks - Regional,85,23,55333,713676,https://www.sec.gov/cgi-bin/browse-edgar?action=getcompany&CIK=713676&type=10-k&owner=exclude&count=40,https://www.pnc.com,2026-05-13,https://stockanalysis.com/stocks/pnc/statistics/
PNR,Pentair PLC,pnr,Industrials,Specialty Industrial Machinery,12,4,9000,77360,https://www.sec.gov/cgi-bin/browse-edgar?action=getcompany&CIK=77360&type=10-k&owner=exclude&count=40,https://www.pentair.com,2026-05-13,https://stockanalysis.com/stocks/pnr/statistics/
PNW,Pinnacle West Capital Corp,pnw,Utilities,Utilities - Regulated Electric,12,5,6610,764622,https://www.sec.gov/cgi-bin/browse-edgar?action=getcompany&CIK=764622&type=10-k&owner=exclude&count=40,https://www.pinnaclewest.com,2026-05-13,https://stockanalysis.com/stocks/pnw/statistics/
POOL,Pool Corporation,pool,Industrials,Industrial Distribution,6,5,6000,945841,https://www.sec.gov/cgi-bin/browse-edgar?action=getcompany&CIK=945841&type=10-k&owner=exclude&count=40,https://www.poolcorp.com,2026-05-13,https://stockanalysis.com/stocks/pool/statistics/
PPG,PPG Industries Inc,ppg,Basic Materials,Specialty Chemicals,24,16,43500,79879,https://www.sec.gov/cgi-bin/browse-edgar?action=getcompany&CIK=79879&type=10-k&owner=exclude&count=40,https://www.ppg.com,2026-05-13,https://stockanalysis.com/stocks/ppg/statistics/
PPL,PPL Corporation,ppl,Utilities,Utilities - Regulated Electric,27,9,9552,922224,https://www.sec.gov/cgi-bin/browse-edgar?action=getcompany&CIK=922224&type=10-k&owner=exclude&count=40,https://www.pplweb.com,2026-05-13,https://stockanalysis.com/stocks/ppl/statistics/
PRU,Prudential Financial Inc,pru,Financial Services,Insurance - Life,36,63,36824,1137774,https://www.sec.gov/cgi-bin/browse-edgar?action=getcompany&CIK=1137774&type=10-k&owner=exclude&count=40,https://www.prudential.com,2026-05-13,https://stockanalysis.com/stocks/pru/statistics/
PSA,Public Storage,psa,Real Estate,REIT - Industrial,54,5,5770,1393311,https://www.sec.gov/cgi-bin/browse-edgar?action=getcompany&CIK=1393311&type=10-k&owner=exclude&count=40,https://www.publicstorage.com,2026-05-13,https://stockanalysis.com/stocks/psa/statistics/
PSX,Phillips 66,psx,Energy,Oil & Gas Refining & Marketing,69,134,12600,1534701,https://www.sec.gov/cgi-bin/browse-edgar?action=getcompany&CIK=1534701&type=10-k&owner=exclude&count=40,https://www.phillips66.com,2026-05-13,https://stockanalysis.com/stocks/psx/statistics/
PTC,PTC Inc,ptc,Technology,Software - Application,16,3,7642,857005,https://www.sec.gov/cgi-bin/browse-edgar?action=getcompany&CIK=857005&type=10-k&owner=exclude&count=40,https://www.ptc.com,2026-05-13,https://stockanalysis.com/stocks/ptc/statistics/
PWR,Quanta Services Inc,pwr,Industrials,Engineering & Construction,116,30,69500,1050915,https://www.sec.gov/cgi-bin/browse-edgar?action=getcompany&CIK=1050915&type=10-k&owner=exclude&count=40,https://www.quantaservices.com,2026-05-13,https://stockanalysis.com/stocks/pwr/statistics/
PYPL,PayPal Holdings Inc,pypl,Financial Services,Credit Services,40,34,23800,1633917,https://www.sec.gov/cgi-bin/browse-edgar?action=getcompany&CIK=1633917&type=10-k&owner=exclude&count=40,https://www.paypal.com,2026-05-13,https://stockanalysis.com/stocks/pypl/statistics/
QCOM,Qualcomm Incorporated,qcom,Technology,Semiconductors,225,44,52000,804328,https://www.sec.gov/cgi-bin/browse-edgar?action=getcompany&CIK=804328&type=10-k&owner=exclude&count=40,https://www.qualcomm.com,2026-05-13,https://stockanalysis.com/stocks/qcom/statistics/
RCL,Royal Caribbean Cruises Ltd,rcl,Consumer Cyclical,Travel Services,70,18,108000,884887,https://www.sec.gov/cgi-bin/browse-edgar?action=getcompany&CIK=884887&type=10-k&owner=exclude&count=40,https://www.rclinvestor.com,2026-05-13,https://stockanalysis.com/stocks/rcl/statistics/
REG,Regency Centers Corporation,reg,Real Estate,REIT - Retail,14,2,507,910606,https://www.sec.gov/cgi-bin/browse-edgar?action=getcompany&CIK=910606&type=10-k&owner=exclude&count=40,https://www.regencycenters.com,2026-05-13,https://stockanalysis.com/stocks/reg/statistics/
REGN,Regeneron Pharmaceuticals Inc,regn,Healthcare,Biotechnology,73,15,15410,872589,https://www.sec.gov/cgi-bin/browse-edgar?action=getcompany&CIK=872589&type=10-k&owner=exclude&count=40,https://www.regeneron.com,2026-05-13,https://stockanalysis.com/stocks/regn/statistics/
RF,Regions Financial Corporation,rf,Financial Services,Banks - Regional,23,7,19969,1281761,https://www.sec.gov/cgi-bin/browse-edgar?action=getcompany&CIK=1281761&type=10-k&owner=exclude&count=40,https://www.regions.com,2026-05-13,https://stockanalysis.com/stocks/rf/statistics/
RJF,Raymond James Financial Inc.,rjf,Financial Services,Asset Management,30,15,19500,720005,https://www.sec.gov/cgi-bin/browse-edgar?action=getcompany&CIK=720005&type=10-k&owner=exclude&count=40,https://www.raymondjames.com,2026-05-13,https://stockanalysis.com/stocks/rjf/statistics/
RL,Ralph Lauren Corp Class A,rl,Consumer Cyclical,Apparel Manufacturing,20,8,23400,1037038,https://www.sec.gov/cgi-bin/browse-edgar?action=getcompany&CIK=1037038&type=10-k&owner=exclude&count=40,https://www.corporate.ralphlauren.com,2026-05-13,https://stockanalysis.com/stocks/rl/statistics/
RMD,ResMed Inc,rmd,Healthcare,Medical Instruments & Supplies,29,6,9980,943819,https://www.sec.gov/cgi-bin/browse-edgar?action=getcompany&CIK=943819&type=10-k&owner=exclude&count=40,https://www.resmed.com,2026-05-13,https://stockanalysis.com/stocks/rmd/statistics/
ROK,Rockwell Automation Inc,rok,Industrials,Specialty Industrial Machinery,51,9,26000,1024478,https://www.sec.gov/cgi-bin/browse-edgar?action=getcompany&CIK=1024478&type=10-k&owner=exclude&count=40,https://www.rockwellautomation.com,2026-05-13,https://stockanalysis.com/stocks/rok/statistics/
ROL,Rollins Inc,rol,Consumer Cyclical,Personal Services,25,4,21946,84839,https://www.sec.gov/cgi-bin/browse-edgar?action=getcompany&CIK=84839&type=10-k&owner=exclude&count=40,https://www.rollins.com,2026-05-13,https://stockanalysis.com/stocks/rol/statistics/
ROP,"Roper Technologies, Inc.",rop,Technology,Software - Application,31,8,19400,882835,https://www.sec.gov/cgi-bin/browse-edgar?action=getcompany&CIK=882835&type=10-k&owner=exclude&count=40,https://www.ropertech.com,2026-05-13,https://stockanalysis.com/stocks/rop/statistics/
ROST,Ross Stores Inc,rost,Consumer Cyclical,Apparel Retail,68,23,111000,745732,https://www.sec.gov/cgi-bin/browse-edgar?action=getcompany&CIK=745732&type=10-k&owner=exclude&count=40,https://www.rossstores.com,2026-05-13,https://stockanalysis.com/stocks/rost/statistics/
RSG,Republic Services Inc,rsg,Industrials,Waste Management,62,17,42000,1060391,https://www.sec.gov/cgi-bin/browse-edgar?action=getcompany&CIK=1060391&type=10-k&owner=exclude&count=40,https://www.republicservices.com,2026-05-13,https://stockanalysis.com/stocks/rsg/statistics/
RTX,Raytheon Technologies Corp,rtx,Industrials,Aerospace & Defense,241,90,180000,101829,https://www.sec.gov/cgi-bin/browse-edgar?action=getcompany&CIK=101829&type=10-k&owner=exclude&count=40,https://www.rtx.com,2026-05-13,https://stockanalysis.com/stocks/rtx/statistics/
RVTY,Revvity Inc.,rvty,Healthcare,Diagnostics & Research,11,3,11000,31791,https://www.sec.gov/cgi-bin/browse-edgar?action=getcompany&CIK=31791&type=10-k&owner=exclude&count=40,https://www.revvity.com,2026-05-13,https://stockanalysis.com/stocks/rvty/statistics/
SBAC,SBA Communications Corp,sbac,Real Estate,REIT - Specialty,22,3,1844,1034054,https://www.sec.gov/cgi-bin/browse-edgar?action=getcompany&CIK=1034054&type=10-k&owner=exclude&count=40,https://www.sbasite.com,2026-05-13,https://stockanalysis.com/stocks/sbac/statistics/
SBUX,Starbucks Corporation,sbux,Consumer Cyclical,Restaurants,123,38,381000,829224,https://www.sec.gov/cgi-bin/browse-edgar?action=getcompany&CIK=829224&type=10-k&owner=exclude&count=40,https://www.starbucks.com,2026-05-13,https://stockanalysis.com/stocks/sbux/statistics/
SCHW,Charles Schwab Corp,schw,Financial Services,Capital Markets,159,25,33000,316709,https://www.sec.gov/cgi-bin/browse-edgar?action=getcompany&CIK=316709&type=10-k&owner=exclude&count=40,https://www.aboutschwab.com,2026-05-13,https://stockanalysis.com/stocks/schw/statistics/
SHW,Sherwin-Williams Co,shw,Basic Materials,Specialty Chemicals,75,24,64249,89800,https://www.sec.gov/cgi-bin/browse-edgar?action=getcompany&CIK=89800&type=10-k&owner=exclude&count=40,https://www.sherwin-williams.com,2026-05-13,https://stockanalysis.com/stocks/shw/statistics/
SJM,The J. M. Smucker Company,sjm,Consumer Defensive,Packaged Foods,11,9,8000,91419,https://www.sec.gov/cgi-bin/browse-edgar?action=getcompany&CIK=91419&type=10-k&owner=exclude&count=40,https://www.jmsmucker.com,2026-05-13,https://stockanalysis.com/stocks/sjm/statistics/
SLB,Schlumberger NV,slb,Energy,Oil & Gas Equipment & Services,82,36,109000,87347,https://www.sec.gov/cgi-bin/browse-edgar?action=getcompany&CIK=87347&type=10-k&owner=exclude&count=40,https://www.slb.com,2026-05-13,https://stockanalysis.com/stocks/slb/statistics/
SMCI,Super Micro Computer Inc,smci,Technology,Computer Hardware,19,34,6238,1375365,https://www.sec.gov/cgi-bin/browse-edgar?action=getcompany&CIK=1375365&type=10-k&owner=exclude&count=40,https://www.supermicro.com,2026-05-13,https://stockanalysis.com/stocks/smci/statistics/
SNA,Snap-On Inc,sna,Industrials,Tools & Accessories,19,5,13000,91440,https://www.sec.gov/cgi-bin/browse-edgar?action=getcompany&CIK=91440&type=10-k&owner=exclude&count=40,https://www.snapon.com,2026-05-13,https://stockanalysis.com/stocks/sna/statistics/
SNPS,Synopsys Inc,snps,Technology,Software - Infrastructure,97,8,28000,883241,https://www.sec.gov/cgi-bin/browse-edgar?action=getcompany&CIK=883241&type=10-k&owner=exclude&count=40,https://www.synopsys.com,2026-05-13,https://stockanalysis.com/stocks/snps/statistics/
SO,Southern Company,so,Utilities,Utilities - Regulated Electric,104,30,29800,92122,https://www.sec.gov/cgi-bin/browse-edgar?action=getcompany&CIK=92122&type=10-k&owner=exclude&count=40,https://www.southerncompany.com,2026-05-13,https://stockanalysis.com/stocks/so/statistics/
SOLV,Solventum Corp.,solv,Healthcare,Medical Instruments & Supplies,13,8,20584,1964738,https://www.sec.gov/cgi-bin/browse-edgar?action=getcompany&CIK=1964738&type=10-k&owner=exclude&count=40,https://www.solventum.com,2026-05-13,https://stockanalysis.com/stocks/solv/statistics/
SPG,Simon Property Group Inc,spg,Real Estate,REIT - Retail,77,7,3600,1063761,https://www.sec.gov/cgi-bin/browse-edgar?action=getcompany&CIK=1063761&type=10-k&owner=exclude&count=40,https://www.simon.com,2026-05-13,https://stockanalysis.com/stocks/spg/statistics/
SPGI,S&P Global Inc,spgi,Financial Services,Financial Data & Stock Exchanges,119,16,44500,64040,https://www.sec.gov/cgi-bin/browse-edgar?action=getcompany&CIK=64040&type=10-k&owner=exclude&count=40,https://www.spglobal.com,2026-05-13,https://stockanalysis.com/stocks/spgi/statistics/
SRE,Sempra Energy,sre,Utilities,Utilities - Diversified,60,14,28451,1032208,https://www.sec.gov/cgi-bin/browse-edgar?action=getcompany&CIK=1032208&type=10-k&owner=exclude&count=40,https://www.sempra.com,2026-05-13,https://stockanalysis.com/stocks/sre/statistics/
STE,STERIS plc,ste,Healthcare,Medical Devices,21,6,17787,1757898,https://www.sec.gov/cgi-bin/browse-edgar?action=getcompany&CIK=1757898&type=10-k&owner=exclude&count=40,https://www.steris.com,2026-05-13,https://stockanalysis.com/stocks/ste/statistics/
STLD,Steel Dynamics Inc,stld,Basic Materials,Steel,34,19,14400,1022671,https://www.sec.gov/cgi-bin/browse-edgar?action=getcompany&CIK=1022671&type=10-k&owner=exclude&count=40,https://www.steeldynamics.com,2026-05-13,https://stockanalysis.com/stocks/stld/statistics/
STT,State Street Corp,stt,Financial Services,Asset Management,42,14,52000,93751,https://www.sec.gov/cgi-bin/browse-edgar?action=getcompany&CIK=93751&type=10-k&owner=exclude&count=40,https://www.statestreet.com,2026-05-13,https://stockanalysis.com/stocks/stt/statistics/
STX,Seagate Technology PLC,stx,Technology,Computer Hardware,182,11,30000,1137789,https://www.sec.gov/cgi-bin/browse-edgar?action=getcompany&CIK=1137789&type=10-k&owner=exclude&count=40,https://www.seagate.com,2026-05-13,https://stockanalysis.com/stocks/stx/statistics/
STZ,Constellation Brands Inc Class A,stz,Consumer Defensive,Beverages - Brewers,24,9,9400,16918,https://www.sec.gov/cgi-bin/browse-edgar?action=getcompany&CIK=16918&type=10-k&owner=exclude&count=40,https://www.cbrands.com,2026-05-13,https://stockanalysis.com/stocks/stz/statistics/
SW,Smurfit WestRock plc,sw,Consumer Cyclical,Packaging & Containers,21,31,97000,2005951,https://www.sec.gov/cgi-bin/browse-edgar?action=getcompany&CIK=2005951&type=10-k&owner=exclude&count=40,https://www.smurfitwestrock.com,2026-05-13,https://stockanalysis.com/stocks/sw/statistics/
SWK,Stanley Black & Decker Inc,swk,Industrials,Tools & Accessories,12,15,43500,93556,https://www.sec.gov/cgi-bin/browse-edgar?action=getcompany&CIK=93556&type=10-k&owner=exclude&count=40,https://www.stanleyblackanddecker.com,2026-05-13,https://stockanalysis.com/stocks/swk/statistics/
SWKS,Skyworks Solutions Inc,swks,Technology,Semiconductors,10,4,10000,4127,https://www.sec.gov/cgi-bin/browse-edgar?action=getcompany&CIK=4127&type=10-k&owner=exclude&count=40,https://www.skyworksinc.com,2026-05-13,https://stockanalysis.com/stocks/swks/statistics/
SYF,Synchrony Financial,syf,Financial Services,Credit Services,24,10,20000,1601712,https://www.sec.gov/cgi-bin/browse-edgar?action=getcompany&CIK=1601712&type=10-k&owner=exclude&count=40,https://www.synchrony.com,2026-05-13,https://stockanalysis.com/stocks/syf/statistics/
SYK,Stryker Corporation,syk,Healthcare,Medical Devices,114,25,56000,310764,https://www.sec.gov/cgi-bin/browse-edgar?action=getcompany&CIK=310764&type=10-k&owner=exclude&count=40,https://www.stryker.com,2026-05-13,https://stockanalysis.com/stocks/syk/statistics/
SYY,Sysco Corporation,syy,Consumer Defensive,Food Distribution,35,84,75000,96021,https://www.sec.gov/cgi-bin/browse-edgar?action=getcompany&CIK=96021&type=10-k&owner=exclude&count=40,https://www.sysco.com,2026-05-13,https://stockanalysis.com/stocks/syy/statistics/
T,AT&T Inc,t,Communication Services,Telecom Services,174,127,133030,732717,https://www.sec.gov/cgi-bin/browse-edgar?action=getcompany&CIK=732717&type=10-k&owner=exclude&count=40,https://www.att.com,2026-05-13,https://stockanalysis.com/stocks/t/statistics/
TAP,Molson Coors Brewing Co Class B,tap,Consumer Defensive,Beverages - Brewers,8,11,16200,24545,https://www.sec.gov/cgi-bin/browse-edgar?action=getcompany&CIK=24545&type=10-k&owner=exclude&count=40,https://www.molsoncoors.com,2026-05-13,https://stockanalysis.com/stocks/tap/statistics/
TDG,Transdigm Group Incorporated,tdg,Industrials,Aerospace & Defense,66,10,16500,1260221,https://www.sec.gov/cgi-bin/browse-edgar?action=getcompany&CIK=1260221&type=10-k&owner=exclude&count=40,https://www.transdigm.com,2026-05-13,https://stockanalysis.com/stocks/tdg/statistics/
TDY,Teledyne Technologies Incorporated,tdy,Technology,Scientific & Technical Instruments,29,6,15800,1094285,https://www.sec.gov/cgi-bin/browse-edgar?action=getcompany&CIK=1094285&type=10-k&owner=exclude&count=40,https://www.teledyne.com,2026-05-13,https://stockanalysis.com/stocks/tdy/statistics/
TECH,Bio-Techne Corp,tech,Healthcare,Biotechnology,7,1,3100,842023,https://www.sec.gov/cgi-bin/browse-edgar?action=getcompany&CIK=842023&type=10-k&owner=exclude&count=40,https://www.bio-techne.com,2026-05-13,https://stockanalysis.com/stocks/tech/statistics/
TEL,TE Connectivity Ltd,tel,Technology,Electronic Components,63,19,93000,1385157,https://www.sec.gov/cgi-bin/browse-edgar?action=getcompany&CIK=1385157&type=10-k&owner=exclude&count=40,https://www.te.com,2026-05-13,https://stockanalysis.com/stocks/tel/statistics/
TER,Teradyne Inc,ter,Technology,Semiconductor Equipment & Materials,56,4,6600,97210,https://www.sec.gov/cgi-bin/browse-edgar?action=getcompany&CIK=97210&type=10-k&owner=exclude&count=40,https://www.teradyne.com,2026-05-13,https://stockanalysis.com/stocks/ter/statistics/
TFC,Truist Financial Corp,tfc,Financial Services,Banks - Regional,59,19,38711,92230,https://www.sec.gov/cgi-bin/browse-edgar?action=getcompany&CIK=92230&type=10-k&owner=exclude&count=40,https://www.truist.com,2026-05-13,https://stockanalysis.com/stocks/tfc/statistics/
TGT,Target Corporation,tgt,Consumer Defensive,Discount Stores,55,105,415000,27419,https://www.sec.gov/cgi-bin/browse-edgar?action=getcompany&CIK=27419&type=10-k&owner=exclude&count=40,https://corporate.target.com,2026-05-13,https://stockanalysis.com/stocks/tgt/statistics/
TJX,The TJX Companies Inc,tjx,Consumer Cyclical,Apparel Retail,162,60,377000,109198,https://www.sec.gov/cgi-bin/browse-edgar?action=getcompany&CIK=109198&type=10-k&owner=exclude&count=40,https://www.tjx.com,2026-05-13,https://stockanalysis.com/stocks/tjx/statistics/
TMO,Thermo Fisher Scientific Inc,tmo,Healthcare,Diagnostics & Research,166,45,125000,97745,https://www.sec.gov/cgi-bin/browse-edgar?action=getcompany&CIK=97745&type=10-k&owner=exclude&count=40,https://www.thermofisher.com,2026-05-13,https://stockanalysis.com/stocks/tmo/statistics/
TMUS,T-Mobile US Inc,tmus,Communication Services,Telecom Services,208,91,75000,1283699,https://www.sec.gov/cgi-bin/browse-edgar?action=getcompany&CIK=1283699&type=10-k&owner=exclude&count=40,https://www.t-mobile.com,2026-05-13,https://stockanalysis.com/stocks/tmus/statistics/
TPL,Texas Pacific Land Trust,tpl,Energy,Oil & Gas E&P,26,1,99,1811074,https://www.sec.gov/cgi-bin/browse-edgar?action=getcompany&CIK=1811074&type=10-k&owner=exclude&count=40,https://www.texaspacific.com,2026-05-13,https://stockanalysis.com/stocks/tpl/statistics/
TPR,Tapestry Inc,tpr,Consumer Cyclical,Luxury Goods,27,8,19000,1116132,https://www.sec.gov/cgi-bin/browse-edgar?action=getcompany&CIK=1116132&type=10-k&owner=exclude&count=40,https://www.tapestry.com,2026-05-13,https://stockanalysis.com/stocks/tpr/statistics/
TRGP,Targa Resources Inc,trgp,Energy,Oil & Gas Midstream,55,17,3570,1389170,https://www.sec.gov/cgi-bin/browse-edgar?action=getcompany&CIK=1389170&type=10-k&owner=exclude&count=40,https://www.targaresources.com,2026-05-13,https://stockanalysis.com/stocks/trgp/statistics/
TRMB,Trimble Inc,trmb,Technology,Scientific & Technical Instruments,13,4,11500,864749,https://www.sec.gov/cgi-bin/browse-edgar?action=getcompany&CIK=864749&type=10-k&owner=exclude&count=40,https://www.trimble.com,2026-05-13,https://stockanalysis.com/stocks/trmb/statistics/
TROW,T. Rowe Price Group Inc,trow,Financial Services,Asset Management,22,7,7773,1113169,https://www.sec.gov/cgi-bin/browse-edgar?action=getcompany&CIK=1113169&type=10-k&owner=exclude&count=40,https://www.troweprice.com,2026-05-13,https://stockanalysis.com/stocks/trow/statistics/
TRV,The Travelers Companies Inc,trv,Financial Services,Insurance - Property & Casualty,62,49,34000,86312,https://www.sec.gov/cgi-bin/browse-edgar?action=getcompany&CIK=86312&type=10-k&owner=exclude&count=40,https://www.travelers.com,2026-05-13,https://stockanalysis.com/stocks/trv/statistics/
TSCO,Tractor Supply Company,tsco,Consumer Cyclical,Specialty Retail,15,16,52000,916365,https://www.sec.gov/cgi-bin/browse-edgar?action=getcompany&CIK=916365&type=10-k&owner=exclude&count=40,https://www.tractorsupply.com,2026-05-13,https://stockanalysis.com/stocks/tsco/statistics/
TSLA,Tesla Inc,tsla,Consumer Cyclical,Auto Manufacturers,1700,98,134785,1318605,https://www.sec.gov/cgi-bin/browse-edgar?action=getcompany&CIK=1318605&type=10-k&owner=exclude&count=40,https://www.tesla.com,2026-05-13,https://stockanalysis.com/stocks/tsla/statistics/
TSN,Tyson Foods Inc,tsn,Consumer Defensive,Farm Products,23,56,133000,100493,https://www.sec.gov/cgi-bin/browse-edgar?action=getcompany&CIK=100493&type=10-k&owner=exclude&count=40,https://www.tysonfoods.com,2026-05-13,https://stockanalysis.com/stocks/tsn/statistics/
TT,Trane Technologies plc,tt,Industrials,Building Products & Equipment,104,22,44000,1466258,https://www.sec.gov/cgi-bin/browse-edgar?action=getcompany&CIK=1466258&type=10-k&owner=exclude&count=40,https://www.tranetechnologies.com,2026-05-13,https://stockanalysis.com/stocks/tt/statistics/
TTWO,Take-Two Interactive Software Inc,ttwo,Communication Services,Electronic Gaming & Multimedia,42,7,12928,946581,https://www.sec.gov/cgi-bin/browse-edgar?action=getcompany&CIK=946581&type=10-k&owner=exclude&count=40,https://www.take2games.com,2026-05-13,https://stockanalysis.com/stocks/ttwo/statistics/
TXN,Texas Instruments Incorporated,txn,Technology,Semiconductors,279,18,33000,97476,https://www.sec.gov/cgi-bin/browse-edgar?action=getcompany&CIK=97476&type=10-k&owner=exclude&count=40,https://www.ti.com,2026-05-13,https://stockanalysis.com/stocks/txn/statistics/
TXT,Textron Inc,txt,Industrials,Aerospace & Defense,16,15,34000,217346,https://www.sec.gov/cgi-bin/browse-edgar?action=getcompany&CIK=217346&type=10-k&owner=exclude&count=40,https://www.textron.com,2026-05-13,https://stockanalysis.com/stocks/txt/statistics/
TYL,Tyler Technologies Inc,tyl,Technology,Software - Application,13,2,7800,860731,https://www.sec.gov/cgi-bin/browse-edgar?action=getcompany&CIK=860731&type=10-k&owner=exclude&count=40,https://www.tylertech.com,2026-05-13,https://stockanalysis.com/stocks/tyl/statistics/
UAL,United Airlines Holdings Inc,ual,Industrials,Airlines,31,60,113200,100517,https://www.sec.gov/cgi-bin/browse-edgar?action=getcompany&CIK=100517&type=10-k&owner=exclude&count=40,https://www.united.com,2026-05-13,https://stockanalysis.com/stocks/ual/statistics/
UBER,Uber Technologies Inc,uber,Technology,Software - Application,152,54,34000,1543151,https://www.sec.gov/cgi-bin/browse-edgar?action=getcompany&CIK=1543151&type=10-k&owner=exclude&count=40,https://www.uber.com,2026-05-13,https://stockanalysis.com/stocks/uber/statistics/
UDR,UDR Inc,udr,Real Estate,REIT - Residential,13,2,1426,74208,https://www.sec.gov/cgi-bin/browse-edgar?action=getcompany&CIK=74208&type=10-k&owner=exclude&count=40,https://www.udr.com,2026-05-13,https://stockanalysis.com/stocks/udr/statistics/
UHS,Universal Health Services Inc,uhs,Healthcare,Medical Care Facilities,10,18,101500,352915,https://www.sec.gov/cgi-bin/browse-edgar?action=getcompany&CIK=352915&type=10-k&owner=exclude&count=40,https://uhs.com,2026-05-13,https://stockanalysis.com/stocks/uhs/statistics/
ULTA,Ulta Beauty Inc,ulta,Consumer Cyclical,Specialty Retail,21,12,66820,1403568,https://www.sec.gov/cgi-bin/browse-edgar?action=getcompany&CIK=1403568&type=10-k&owner=exclude&count=40,https://www.ulta.com,2026-05-13,https://stockanalysis.com/stocks/ulta/statistics/
UNH,UnitedHealth Group Incorporated,unh,Healthcare,Healthcare Plans,364,450,390000,731766,https://www.sec.gov/cgi-bin/browse-edgar?action=getcompany&CIK=731766&type=10-k&owner=exclude&count=40,https://www.unitedhealthgroup.com,2026-05-13,https://stockanalysis.com/stocks/unh/statistics/
UNP,Union Pacific Corporation,unp,Industrials,Railroads,157,25,29287,100885,https://www.sec.gov/cgi-bin/browse-edgar?action=getcompany&CIK=100885&type=10-k&owner=exclude&count=40,https://www.up.com,2026-05-13,https://stockanalysis.com/stocks/unp/statistics/
UPS,United Parcel Service Inc,ups,Industrials,Integrated Freight & Logistics,83,88,460000,1090727,https://www.sec.gov/cgi-bin/browse-edgar?action=getcompany&CIK=1090727&type=10-k&owner=exclude&count=40,https://www.ups.com,2026-05-13,https://stockanalysis.com/stocks/ups/statistics/
URI,United Rentals Inc,uri,Industrials,Rental & Leasing Services,59,16,28500,1067701,https://www.sec.gov/cgi-bin/browse-edgar?action=getcompany&CIK=1067701&type=10-k&owner=exclude&count=40,https://www.unitedrentals.com,2026-05-13,https://stockanalysis.com/stocks/uri/statistics/
USB,U.S. Bancorp,usb,Financial Services,Banks - Regional,83,27,68520,36104,https://www.sec.gov/cgi-bin/browse-edgar?action=getcompany&CIK=36104&type=10-k&owner=exclude&count=40,https://www.usbank.com,2026-05-13,https://stockanalysis.com/stocks/usb/statistics/
V,Visa Inc. Class A,v,Financial Services,Credit Services,603,43,34100,1403161,https://www.sec.gov/cgi-bin/browse-edgar?action=getcompany&CIK=1403161&type=10-k&owner=exclude&count=40,https://www.visa.com,2026-05-13,https://stockanalysis.com/stocks/v/statistics/
VICI,VICI Properties Inc,vici,Real Estate,REIT - Diversified,31,4,28,1705696,https://www.sec.gov/cgi-bin/browse-edgar?action=getcompany&CIK=1705696&type=10-k&owner=exclude&count=40,https://www.viciproperties.com,2026-05-13,https://stockanalysis.com/stocks/vici/statistics/
VLO,Valero Energy Corporation,vlo,Energy,Oil & Gas Refining & Marketing,72,118,9811,1035002,https://www.sec.gov/cgi-bin/browse-edgar?action=getcompany&CIK=1035002&type=10-k&owner=exclude&count=40,https://www.valero.com,2026-05-13,https://stockanalysis.com/stocks/vlo/statistics/
VLTO,Veralto Corporation,vlto,Industrials,Pollution & Treatment Controls,21,6,17000,1967680,https://www.sec.gov/cgi-bin/browse-edgar?action=getcompany&CIK=1967680&type=10-k&owner=exclude&count=40,https://www.veralto.com,2026-05-13,https://stockanalysis.com/stocks/vlto/statistics/
VMC,Vulcan Materials Company,vmc,Basic Materials,Building Materials,36,8,11548,1396009,https://www.sec.gov/cgi-bin/browse-edgar?action=getcompany&CIK=1396009&type=10-k&owner=exclude&count=40,https://www.vulcanmaterials.com,2026-05-13,https://stockanalysis.com/stocks/vmc/statistics/
VRSK,Verisk Analytics Inc,vrsk,Industrials,Consulting Services,21,3,8000,1442145,https://www.sec.gov/cgi-bin/browse-edgar?action=getcompany&CIK=1442145&type=10-k&owner=exclude&count=40,https://www.verisk.com,2026-05-13,https://stockanalysis.com/stocks/vrsk/statistics/
VRSN,VeriSign Inc,vrsn,Technology,Software - Infrastructure,27,2,928,1014473,https://www.sec.gov/cgi-bin/browse-edgar?action=getcompany&CIK=1014473&type=10-k&owner=exclude&count=40,https://www.verisign.com,2026-05-13,https://stockanalysis.com/stocks/vrsn/statistics/
VRTX,Vertex Pharmaceuticals Inc,vrtx,Healthcare,Biotechnology,114,12,6400,875320,https://www.sec.gov/cgi-bin/browse-edgar?action=getcompany&CIK=875320&type=10-k&owner=exclude&count=40,https://www.vrtx.com,2026-05-13,https://stockanalysis.com/stocks/vrtx/statistics/
VST,Vistra Energy Corp,vst,Utilities,Utilities - Independent Power Producers,48,19,6390,1692819,https://www.sec.gov/cgi-bin/browse-edgar?action=getcompany&CIK=1692819&type=10-k&owner=exclude&count=40,https://vistracorp.com,2026-05-13,https://stockanalysis.com/stocks/vst/statistics/
VTR,Ventas Inc,vtr,Real Estate,REIT - Healthcare Facilities,44,6,542,740260,https://www.sec.gov/cgi-bin/browse-edgar?action=getcompany&CIK=740260&type=10-k&owner=exclude&count=40,https://www.ventasreit.com,2026-05-13,https://stockanalysis.com/stocks/vtr/statistics/
VTRS,Viatris Inc,vtrs,Healthcare,Drug Manufacturers - Specialty & Generic,20,15,30000,1792044,https://www.sec.gov/cgi-bin/browse-edgar?action=getcompany&CIK=1792044&type=10-k&owner=exclude&count=40,https://www.viatris.com,2026-05-13,https://stockanalysis.com/stocks/vtrs/statistics/
VZ,Verizon Communications Inc,vz,Communication Services,Telecom Services,198,139,89900,732712,https://www.sec.gov/cgi-bin/browse-edgar?action=getcompany&CIK=732712&type=10-k&owner=exclude&count=40,https://www.verizon.com,2026-05-13,https://stockanalysis.com/stocks/vz/statistics/
WAB,Westinghouse Air Brake Technologies Corp,wab,Industrials,Railroads,45,12,31000,943452,https://www.sec.gov/cgi-bin/browse-edgar?action=getcompany&CIK=943452&type=10-k&owner=exclude&count=40,https://www.wabteccorp.com,2026-05-13,https://stockanalysis.com/stocks/wab/statistics/
WAT,Waters Corporation,wat,Healthcare,Diagnostics & Research,34,4,7900,1000697,https://www.sec.gov/cgi-bin/browse-edgar?action=getcompany&CIK=1000697&type=10-k&owner=exclude&count=40,https://www.waters.com,2026-05-13,https://stockanalysis.com/stocks/wat/statistics/
WBA,Walgreens Boots Alliance Inc,wba,Healthcare,Pharmaceutical Retailers,10,155,312000,1618921,https://www.sec.gov/cgi-bin/browse-edgar?action=getcompany&CIK=1618921&type=10-k&owner=exclude&count=40,https://www.walgreensbootsalliance.com,2026-05-13,https://stockanalysis.com/stocks/wba/statistics/
WBD,Warner Bros Discovery Inc,wbd,Communication Services,Entertainment,68,37,35500,1437107,https://www.sec.gov/cgi-bin/browse-edgar?action=getcompany&CIK=1437107&type=10-k&owner=exclude&count=40,https://www.wbd.com,2026-05-13,https://stockanalysis.com/stocks/wbd/statistics/
WDAY,Workday Inc,wday,Technology,Software - Application,28,10,21000,1327811,https://www.sec.gov/cgi-bin/browse-edgar?action=getcompany&CIK=1327811&type=10-k&owner=exclude&count=40,https://www.workday.com,2026-05-13,https://stockanalysis.com/stocks/wday/statistics/
WDC,Western Digital Corporation,wdc,Technology,Computer Hardware,170,12,51000,106040,https://www.sec.gov/cgi-bin/browse-edgar?action=getcompany&CIK=106040&type=10-k&owner=exclude&count=40,https://www.westerndigital.com,2026-05-13,https://stockanalysis.com/stocks/wdc/statistics/
WEC,WEC Energy Group Inc,wec,Utilities,Utilities - Regulated Electric,36,10,7151,783325,https://www.sec.gov/cgi-bin/browse-edgar?action=getcompany&CIK=783325&type=10-k&owner=exclude&count=40,https://www.wecenergygroup.com,2026-05-13,https://stockanalysis.com/stocks/wec/statistics/
WELL,Welltower Inc,well,Real Estate,REIT - Healthcare Facilities,154,12,712,766704,https://www.sec.gov/cgi-bin/browse-edgar?action=getcompany&CIK=766704&type=10-k&owner=exclude&count=40,https://www.welltower.com,2026-05-13,https://stockanalysis.com/stocks/well/statistics/
WFC,Wells Fargo & Company,wfc,Financial Services,Banks - Diversified,227,81,205000,72971,https://www.sec.gov/cgi-bin/browse-edgar?action=getcompany&CIK=72971&type=10-k&owner=exclude&count=40,https://www.wellsfargo.com,2026-05-13,https://stockanalysis.com/stocks/wfc/statistics/
WM,Waste Management Inc,wm,Industrials,Waste Management,86,25,60500,823768,https://www.sec.gov/cgi-bin/browse-edgar?action=getcompany&CIK=823768&type=10-k&owner=exclude&count=40,https://www.wm.com,2026-05-13,https://stockanalysis.com/stocks/wm/statistics/
WMB,Williams Companies Inc,wmb,Energy,Oil & Gas Midstream,92,12,5987,107263,https://www.sec.gov/cgi-bin/browse-edgar?action=getcompany&CIK=107263&type=10-k&owner=exclude&count=40,https://www.williams.com,2026-05-13,https://stockanalysis.com/stocks/wmb/statistics/
WMT,Walmart Inc. Common Stock,wmt,Consumer Defensive,Discount Stores,1040,713,2100000,104169,https://www.sec.gov/cgi-bin/browse-edgar?action=getcompany&CIK=104169&type=10-k&owner=exclude&count=40,https://www.stock.walmart.com,2026-05-13,https://stockanalysis.com/stocks/wmt/statistics/
WRB,W. R. Berkley Corp,wrb,Financial Services,Insurance - Property & Casualty,24,15,8804,11544,https://www.sec.gov/cgi-bin/browse-edgar?action=getcompany&CIK=11544&type=10-k&owner=exclude&count=40,https://www.berkley.com,2026-05-13,https://stockanalysis.com/stocks/wrb/statistics/
WSM,Williams-Sonoma Inc,wsm,Consumer Cyclical,Specialty Retail,20,8,19800,719955,https://www.sec.gov/cgi-bin/browse-edgar?action=getcompany&CIK=719955&type=10-k&owner=exclude&count=40,https://www.williams-sonomainc.com,2026-05-13,https://stockanalysis.com/stocks/wsm/statistics/
WST,West Pharmaceutical Services Inc,wst,Healthcare,Medical Instruments & Supplies,22,3,10800,105770,https://www.sec.gov/cgi-bin/browse-edgar?action=getcompany&CIK=105770&type=10-k&owner=exclude&count=40,https://www.westpharma.com,2026-05-13,https://stockanalysis.com/stocks/wst/statistics/
WTW,Willis Towers Watson PLC,wtw,Financial Services,Insurance Brokers,23,10,46900,1140536,https://www.sec.gov/cgi-bin/browse-edgar?action=getcompany&CIK=1140536&type=10-k&owner=exclude&count=40,https://www.wtwco.com,2026-05-13,https://stockanalysis.com/stocks/wtw/statistics/
WY,Weyerhaeuser Company,wy,Real Estate,REIT - Specialty,17,7,9517,106535,https://www.sec.gov/cgi-bin/browse-edgar?action=getcompany&CIK=106535&type=10-k&owner=exclude&count=40,https://www.weyerhaeuser.com,2026-05-13,https://stockanalysis.com/stocks/wy/statistics/
WYNN,Wynn Resorts Limited,wynn,Consumer Cyclical,Resorts & Casinos,10,7,28500,1174922,https://www.sec.gov/cgi-bin/browse-edgar?action=getcompany&CIK=1174922&type=10-k&owner=exclude&count=40,https://www.wynnresorts.com,2026-05-13,https://stockanalysis.com/stocks/wynn/statistics/
XEL,Xcel Energy Inc,xel,Utilities,Utilities - Regulated Electric,50,15,11534,72903,https://www.sec.gov/cgi-bin/browse-edgar?action=getcompany&CIK=72903&type=10-k&owner=exclude&count=40,https://www.my.xcelenergy.com/s,2026-05-13,https://stockanalysis.com/stocks/xel/statistics/
XOM,Exxon Mobil Corp,xom,Energy,Oil & Gas Integrated,624,326,58000,34088,https://www.sec.gov/cgi-bin/browse-edgar?action=getcompany&CIK=34088&type=10-k&owner=exclude&count=40,https://corporate.exxonmobil.com,2026-05-13,https://stockanalysis.com/stocks/xom/statistics/
YUM,Yum! Brands Inc,yum,Consumer Cyclical,Restaurants,42,8,49000,1041061,https://www.sec.gov/cgi-bin/browse-edgar?action=getcompany&CIK=1041061&type=10-k&owner=exclude&count=40,https://www.yum.com,2026-05-13,https://stockanalysis.com/stocks/yum/statistics/
ZBH,Zimmer Biomet Holdings Inc,zbh,Healthcare,Medical Devices,16,8,17000,1136869,https://www.sec.gov/cgi-bin/browse-edgar?action=getcompany&CIK=1136869&type=10-k&owner=exclude&count=40,https://www.zimmerbiomet.com,2026-05-13,https://stockanalysis.com/stocks/zbh/statistics/
ZBRA,Zebra Technologies Corporation,zbra,Technology,Communication Equipment,12,6,10700,877212,https://www.sec.gov/cgi-bin/browse-edgar?action=getcompany&CIK=877212&type=10-k&owner=exclude&count=40,https://www.zebra.com,2026-05-13,https://stockanalysis.com/stocks/zbra/statistics/
ZTS,Zoetis Inc,zts,Healthcare,Drug Manufacturers - Specialty & Generic,32,10,14500,1555280,https://www.sec.gov/cgi-bin/browse-edgar?action=getcompany&CIK=1555280&type=10-k&owner=exclude&count=40,https://www.zoetis.com,2026-05-13,https://stockanalysis.com/stocks/zts/statistics/
